楼盘ID,楼盘名称,城市名称,城市ID,区域名称,区域ID,子区域名称,子区域ID,地址,环线位置,最新价格,参考价格,房贷计算信息,面积范围,占地面积,建筑面积,房间面积信息,户型文本描述,全部户型,开盘日期,开盘日期备注,开盘时间,交房时间,发证时间,建筑类型,建筑类型.1,产权年限,容积率,绿化率,规划户数,装修情况,工程进度,物业类型,物业公司,物业管理费,物业特色,车位数,车位比,销售状态,销售标题,租售标题,预售证号,绑定楼栋,开发商,开发商品牌,投资商,供电,供水,百度地图纬度,百度地图经度,400电话,所有标签列表,标签列表,默认图片,规交信息,售楼处地址
1717533,万盛世城,青岛,30,崂山区,3643,石老人,3704,青岛崂山区石老人崂山路81号,,,,,245-378㎡,60000m²,40000m²,"[{""id"": 372645, ""rooms"": 4, ""room_alias"": ""四室"", ""area"": 245}, {""id"": 138143, ""rooms"": 4, ""room_alias"": ""四室"", ""area"": 290}, {""id"": 138147, ""rooms"": 4, ""room_alias"": ""四室"", ""area"": 290}, {""id"": 138138, ""rooms"": 4, ""room_alias"": ""四室"", ""area"": 311}, {""id"": 138148, ""rooms"": 4, ""room_alias"": ""四室"", ""area"": 378}]",4室,4室户型,1997-04-07,,1997年,1998年,"[""2017-02-15"", ""2016-11-16""]",{联排别墅},联排别墅,70年,0.8,56%,118,,,别墅,旭辉永升,4.5元/㎡/月,,,1:2,售罄,售罄,售罄,"[""青房注字(崂)2016第007号"", ""青房注字(崂)2017第002号"", ""青房注字(崂)2016第025号""]",[],朗诗,,青岛青建博海源诚置业有限公司,民电,民水,36.121568,120.51942,"{""service_num"": ""4006708287"", ""num"": """"}","{""81"": ""大阳台"", ""56"": ""车位充足"", ""53"": ""高绿化率"", ""76"": ""厨卫全明"", ""74"": ""南北通透"", ""63"": ""旅游地产"", ""72"": ""配套纯熟"", ""70"": ""银行"", ""69"": ""学校"", ""68"": ""医院"", ""65"": ""商业街"", ""64"": ""购物中心"", ""78"": ""大户型"", ""85"": ""主卧套房"", ""636"": ""公办小学"", ""598"": ""民办幼儿园"", ""597"": ""公办幼儿园"", ""55"": ""小型社区""}","[""大阳台"", ""车位充足"", ""高绿化率"", ""厨卫全明"", ""南北通透""]",https://pic4.ajkimg.com/display/xinfang/26283e312acb86d3a0da3999d2a34127/275x206n.jpg,[],崂山路81号
442464,Oc金色美景,青岛,30,即墨区,3645,鳌山卫,5206,青岛即墨区鳌山卫问海中路288号,,2679元/㎡,2679元/㎡,首付13万，月供3225元,75-153㎡,35877m²,150000m²,"[{""id"": 433420, ""rooms"": 2, ""room_alias"": ""二室"", ""area"": 75}, {""id"": 433421, ""rooms"": 2, ""room_alias"": ""二室"", ""area"": 127}, {""id"": 433423, ""rooms"": 3, ""room_alias"": ""三室"", ""area"": 153}]",2/3室,商业户型,1997-09-01,2019年01月12日,1997年,1998年,"[""2019-01-21"", ""2018-12-27""]",{高层},高层,50年,3.49,25%,1286,"毛坯,带装修",,商业,世茂服务,,,860,1:0.66,售罄,售罄,售罄,"[""即房注字(2018)第110号"", ""即房注字(2018)第097号""]","[""1#、2#""]",金茂,,青岛天博数字科技置业有限公司,商电,商水,36.338746,120.659152,"""""","{""559"": ""现房"", ""81"": ""大阳台"", ""29"": ""装修交付"", ""9"": ""轨交房"", ""76"": ""厨卫全明"", ""75"": ""三房朝南"", ""74"": ""南北通透""}","[""现房"", ""大阳台"", ""装修交付"", ""轨交房"", ""厨卫全明""]",https://pic4.ajkimg.com/display/xinfang/4ed8000e6b9f04aeaa96ba5ec43f3d6d/275x206n.jpg,"[{""id"": ""7314489"", ""loupan_id"": ""449972"", ""station_id"": ""4391"", ""subway_id"": ""122"", ""city_id"": ""30"", ""distance"": ""463米"", ""status"": ""1"", ""last_update_time"": ""1774212706"", ""is_rail_loupan"": ""1"", ""subway_name"": ""蓝谷快线"", ""station_name"": ""鳌山卫"", ""distance_raw"": ""463""}]",青岛市即墨区蓝色硅谷滨海大道与问海路交汇处东50米
2992491,雅林,青岛,30,城阳区,3644,白沙湾,5204,青岛城阳区白沙湾丰海路51号,,3126元/㎡,3126元/㎡,首付27万，月供6451元,131-692㎡,187000m²,710000m²,"[{""id"": 135701, ""rooms"": 3, ""room_alias"": ""三室"", ""area"": 131}, {""id"": 571776, ""rooms"": 3, ""room_alias"": ""三室"", ""area"": 132}, {""id"": 571384, ""rooms"": 3, ""room_alias"": ""三室"", ""area"": 142}, {""id"": 135700, ""rooms"": 3, ""room_alias"": ""三室"", ""area"": 185}, {""id"": 391581, ""rooms"": 3, ""room_alias"": ""三室"", ""area"": 202}, {""id"": 178907, ""rooms"": 3, ""room_alias"": ""三室"", ""area"": 203}, {""id"": 234569, ""rooms"": 4, ""room_alias"": ""四室"", ""area"": 180}, {""id"": 234570, ""rooms"": 4, ""room_alias"": ""四室"", ""area"": 189}, {""id"": 571385, ""rooms"": 4, ""room_alias"": ""四室"", ""area"": 216}, {""id"": 571823, ""rooms"": 4, ""room_alias"": ""四室"", ""area"": 242}, {""id"": 391577, ""rooms"": 4, ""room_alias"": ""四室"", ""area"": 275}, {""id"": 115147, ""rooms"": 4, ""room_alias"": ""四室"", ""area"": 320}, {""id"": 135699, ""rooms"": 4, ""room_alias"": ""四室"", ""area"": 401}, {""id"": 115180, ""rooms"": 4, ""room_alias"": ""四室"", ""area"": 692}, {""id"": 212284, ""rooms"": 5, ""room_alias"": ""五室"", ""area"": 277}]",3/4/5室,"3室户型,4室户型,5室户型",1997-05-13,2020年07月31日,1997年,1998年,"[""2018-09-28"", ""2020-10-27"", ""2020-08-06"", ""2018-08-24""]",洋房,高层,70年,2.2,50%,2105,带装修,在建中，竣工时间：2025-12-31,住宅,保利物业,4~9元/㎡/月,,5015,1:2.38,售罄,售罄,售罄,"[""青房注字(城18)第74"", ""青房注字城（20）第113号"", ""青房注字城（20）第79号"", ""青房注字(城18)第64""]","[""2#、8#、11#、12#"", ""5号园4#、5号园5#、5号园7#、5号园8#、5号园13、5号园14"", ""6#"", ""1#、9#""]",旭辉,星河湾集团,星河湾集团,民电,民水,36.231247,120.324493,"{""service_num"": ""4006708287"", ""num"": ""91401""}","{""81"": ""大阳台"", ""57"": ""人车分流"", ""56"": ""车位充足"", ""53"": ""高绿化率"", ""31"": ""大平层"", ""29"": ""装修交付"", ""76"": ""厨卫全明"", ""74"": ""南北通透"", ""73"": ""卧室全朝南"", ""7"": ""项目在建"", ""276"": ""一房一价"", ""63"": ""旅游地产"", ""70"": ""银行"", ""69"": ""学校"", ""78"": ""大户型"", ""404"": ""客餐厅相连"", ""402"": ""玄关入户"", ""401"": ""户型方正"", ""397"": ""动静分离"", ""85"": ""主卧套房"", ""83"": ""双阳台"", ""638"": ""民办中学"", ""636"": ""公办小学"", ""598"": ""民办幼儿园"", ""597"": ""公办幼儿园"", ""541"": ""3D沙盘"", ""540"": ""日照模拟"", ""263"": ""VR看房"", ""54"": ""大型社区"", ""50"": ""品牌开发商""}","[""大阳台"", ""人车分流"", ""车位充足"", ""高绿化率"", ""大平层""]",https://pic4.ajkimg.com/display/xinfang/9f9aaa44b83e27121b8b76efe362b77e/275x206n.jpg,[],青岛市城阳区丰海路51号
7120936,宏美好庭,青岛,30,市北区,3640,湖岛,5193,青岛市北区湖岛瑞昌路189号,,5583元/㎡,5583元/㎡,首付44万，月供10679元,119-143㎡,39175m²,117443.54m²,"[{""id"": 505517, ""rooms"": 3, ""room_alias"": ""三室"", ""area"": 119}, {""id"": 505519, ""rooms"": 3, ""room_alias"": ""三室"", ""area"": 128}, {""id"": 505521, ""rooms"": 3, ""room_alias"": ""三室"", ""area"": 128}, {""id"": 505523, ""rooms"": 3, ""room_alias"": ""三室"", ""area"": 143}]",3室,3室户型,1997-03-14,2019年12月31日,1997年,1998年,"[""2019-11-25""]",{高层},高层,70年,4,35%,600,带装修,已竣工，竣工时间：2022-05-31,住宅,绿城服务,3元/㎡/月,,672,1:1.12,售罄,售罄,售罄,"[""青房注字（2019）第082号""]","[""8#""]",金地,海信地产,海信地产,民电,民水,36.143233,120.340481,"""""","{""559"": ""现房"", ""557"": ""项目竣工"", ""81"": ""大阳台"", ""56"": ""车位充足"", ""29"": ""装修交付"", ""9"": ""轨交房"", ""76"": ""厨卫全明"", ""74"": ""南北通透"", ""78"": ""大户型"", ""404"": ""客餐厅相连"", ""403"": ""私密性好"", ""402"": ""玄关入户"", ""401"": ""户型方正"", ""397"": ""动静分离"", ""85"": ""主卧套房"", ""638"": ""民办中学"", ""637"": ""公办中学"", ""636"": ""公办小学"", ""624"": ""九年一贯制"", ""600"": ""市级示范园"", ""598"": ""民办幼儿园"", ""597"": ""公办幼儿园"", ""540"": ""日照模拟"", ""263"": ""VR看房"", ""50"": ""品牌开发商""}","[""现房"", ""项目竣工"", ""大阳台"", ""车位充足"", ""装修交付""]",https://pic4.ajkimg.com/display/xinfang/86993a0976761f77f65269f1827acd5d/275x206n.jpg,"[{""id"": ""7316282"", ""loupan_id"": ""460759"", ""station_id"": ""121177"", ""subway_id"": ""12068"", ""city_id"": ""30"", ""distance"": ""606米"", ""status"": ""1"", ""last_update_time"": ""1774212708"", ""is_rail_loupan"": ""1"", ""subway_name"": ""5号线"", ""station_name"": ""湖岛"", ""distance_raw"": ""606""}, {""id"": ""7316283"", ""loupan_id"": ""460759"", ""station_id"": ""121178"", ""subway_id"": ""12068"", ""city_id"": ""30"", ""distance"": ""772米"", ""status"": ""1"", ""last_update_time"": ""1774212708"", ""is_rail_loupan"": ""1"", ""subway_name"": ""5号线"", ""station_name"": ""瑞昌路"", ""distance_raw"": ""772""}]",青岛市市北区瑞昌路218号
7027927,金山幸福筑,青岛,30,即墨区,3645,即墨市,3714,青岛即墨区即墨市即墨市金口镇,,,,,380㎡,70000m²,37000m²,[],别墅,别墅户型,1997-06-24,,1997年,1998年,[],超高层,独栋别墅,70年,0.47,50%,,毛坯,,别墅,中海物业,3.6元/㎡/月,,,暂无资料,售罄,售罄,售罄,[],[],象屿,,金山集团,民电,民水,36.429024,120.457814,"""""","{""53"": ""高绿化率"", ""31"": ""大平层"", ""72"": ""配套纯熟"", ""70"": ""银行"", ""69"": ""学校"", ""68"": ""医院"", ""66"": ""公园"", ""65"": ""商业街"", ""64"": ""购物中心"", ""78"": ""大户型"", ""637"": ""公办中学"", ""636"": ""公办小学"", ""598"": ""民办幼儿园"", ""597"": ""公办幼儿园"", ""55"": ""小型社区""}","[""高绿化率"", ""大平层"", ""配套纯熟"", ""银行"", ""学校""]",https://pic4.ajkimg.com/display/xinfang/24c61938d32463f391cdf03e1d7bf711/275x206n.jpg,[],青岛即墨市金口镇
8029393,海舍三期,青岛,30,莱西市,3648,莱西,3720,青岛莱西市莱西上海中路128号,,,,,89-160㎡,177769m²,280000m²,"[{""id"": 345573, ""rooms"": 3, ""room_alias"": ""三室"", ""area"": 89}, {""id"": 345575, ""rooms"": 3, ""room_alias"": ""三室"", ""area"": 89}, {""id"": 290158, ""rooms"": 3, ""room_alias"": ""三室"", ""area"": 105}, {""id"": 345576, ""rooms"": 3, ""room_alias"": ""三室"", ""area"": 105}, {""id"": 271358, ""rooms"": 3, ""room_alias"": ""三室"", ""area"": 125}, {""id"": 290155, ""rooms"": 3, ""room_alias"": ""三室"", ""area"": 125}, {""id"": 345578, ""rooms"": 3, ""room_alias"": ""三室"", ""area"": 125}, {""id"": 345579, ""rooms"": 3, ""room_alias"": ""三室"", ""area"": 125}, {""id"": 345580, ""rooms"": 3, ""room_alias"": ""三室"", ""area"": 160}]",3室,3室户型,1997-08-06,,1997年,1998年,[],"{多层,花园洋房}",多层、花园洋房,70年,1.5,36%,590,毛坯,,住宅,世茂服务,2元/㎡/月,,1,0,售罄,售罄,售罄,"[""西房注字(2017)01"", ""西房注字(2017)006""]",[],华侨城,,青岛天泰房地产开发股份有限公司,民电,民水,36.903837,120.548202,"{""service_num"": ""4006708287"", ""num"": """"}","{""53"": ""高绿化率"", ""52"": ""低容积"", ""72"": ""配套纯熟"", ""71"": ""便利店"", ""70"": ""银行"", ""69"": ""学校"", ""66"": ""公园"", ""65"": ""商业街"", ""64"": ""购物中心"", ""78"": ""大户型"", ""638"": ""民办中学"", ""637"": ""公办中学"", ""636"": ""公办小学"", ""598"": ""民办幼儿园"", ""597"": ""公办幼儿园""}","[""高绿化率"", ""低容积"", ""配套纯熟"", ""便利店"", ""银行""]",https://pic4.ajkimg.com/display/xinfang/7c3e21716d4de0429f0388da435a2fd2/275x206n.jpg,[],上海路南、长岛路西
3914707,宏红树峰,青岛,30,即墨区,3645,即墨市,3714,青岛即墨区即墨市滨海大道东侧,,,,,71-90㎡,住宅：66667m² 别墅：66667m²,住宅：78696m² 别墅：78696m²,"[{""id"": 54864, ""rooms"": 1, ""room_alias"": ""一室"", ""area"": 70.64}, {""id"": 54861, ""rooms"": 1, ""room_alias"": ""一室"", ""area"": 72.27}, {""id"": 54860, ""rooms"": 2, ""room_alias"": ""二室"", ""area"": 86.77}, {""id"": 54862, ""rooms"": 2, ""room_alias"": ""二室"", ""area"": 90.18}]",1/2室,"1室户型,2室户型",1997-06-11,,1997年,1998年,[],"{联排别墅,多层,小高层}",住宅：多层、小高层 别墅：联排别墅,住宅：70年 别墅：70年,住宅：1,住宅：45% 别墅：45%,住宅：665 别墅：665,住宅：毛坯 别墅：毛坯,,住宅,新城悦服务,住宅：1.2元/㎡/月,,,住宅：1:1 别墅：1:1,售罄,售罄,售罄,[],[],华侨城,,青岛渤海湾房地产开发有限公司,住宅：民电,住宅：民水,36.353097,120.703954,"""""","{""53"": ""高绿化率"", ""52"": ""低容积"", ""70"": ""银行"", ""69"": ""学校"", ""637"": ""公办中学"", ""636"": ""公办小学"", ""598"": ""民办幼儿园"", ""597"": ""公办幼儿园""}","[""高绿化率"", ""低容积"", ""银行"", ""学校"", ""公办中学""]",https://pic4.ajkimg.com/display/xinfang/586ff22a8d31e900c690f2191e1d0e96/275x206n.jpg,[],鳌山卫镇滨海大道东侧(项目现场)
9852071,富安盛世雅居,青岛,30,黄岛区,4516,江山路,5212,青岛黄岛区江山路江山南路450号,,2456元/㎡,2456元/㎡,首付19万，月供4659元,,39000m²,135000m²,[],,,1997-12-19,2018年07月15日,1997年,1998年,"[""2017-02-17""]",{高层},高层,40年,2.7,30%,1200,毛坯,,商业,新城悦服务,3.5元/㎡/月,,1200,1:1,售罄,售罄,售罄,"[""青房注字青黄(2017)第004""]","[""A栋、B栋""]",朗诗,,美邦启立（青岛）置业有限公司,商电,商水,35.961457,120.158147,"{""service_num"": ""4006708287"", ""num"": """"}","{""9"": ""轨交房"", ""70"": ""银行"", ""220"": ""办公首选""}","[""轨交房"", ""银行"", ""办公首选""]",https://pic4.ajkimg.com/display/xinfang/e35dce21223bf8ec8d98af585eaa9d4a/275x206n.jpg,"[{""id"": ""7315339"", ""loupan_id"": ""415838"", ""station_id"": ""121256"", ""subway_id"": ""12071"", ""city_id"": ""30"", ""distance"": ""516米"", ""status"": ""1"", ""last_update_time"": ""1774212707"", ""is_rail_loupan"": ""1"", ""subway_name"": ""6号线"", ""station_name"": ""钱塘江路(青职学院)"", ""distance_raw"": ""516""}, {""id"": ""7315340"", ""loupan_id"": ""415838"", ""station_id"": ""121255"", ""subway_id"": ""12071"", ""city_id"": ""30"", ""distance"": ""1493米"", ""status"": ""1"", ""last_update_time"": ""1774212707"", ""is_rail_loupan"": ""1"", ""subway_name"": ""6号线"", ""station_name"": ""九顶山"", ""distance_raw"": ""1493""}]",黄岛区江山南路450号（江山南路西，一中南侧）
9992153,万新城,青岛,30,平度市,3649,平度,3722,青岛平度市平度杭州路与朝阳路交汇处（开元城·开元盛景南门）,,,,,90-110㎡,38000m²,74200m²,"[{""id"": 299996, ""rooms"": 3, ""room_alias"": ""三室"", ""area"": 90}, {""id"": 299992, ""rooms"": 3, ""room_alias"": ""三室"", ""area"": 110}]",3室,3室户型,1997-06-21,,1997年,1998年,[],"{多层,小高层}",多层、小高层,,1.84,35%,454,毛坯,,住宅,合景悠活,,,232,1:02:00,售罄,售罄,售罄,"[""青房注字 第624号""]",[],恒大,,,民电,民水,36.785132,119.976772,"""""","{""52"": ""低容积"", ""69"": ""学校"", ""78"": ""大户型"", ""638"": ""民办中学"", ""637"": ""公办中学"", ""636"": ""公办小学"", ""635"": ""民办小学"", ""598"": ""民办幼儿园"", ""597"": ""公办幼儿园""}","[""低容积"", ""学校"", ""大户型"", ""民办中学"", ""公办中学""]",https://pic4.ajkimg.com/display/xinfang/dd1a12b17a8ebaf25260fdc4709d6d1e/275x206n.jpg,[],平度市杭州路与朝阳路交汇处（开元城·开元盛景南门）
4989420,锦康城丽景,青岛,30,莱西市,3648,莱西,3720,青岛莱西市莱西上海东路152号,,,,,81-134㎡,91706m²,245983m²,"[{""id"": 345303, ""rooms"": 2, ""room_alias"": ""二室"", ""area"": 81}, {""id"": 345305, ""rooms"": 2, ""room_alias"": ""二室"", ""area"": 90}, {""id"": 345306, ""rooms"": 2, ""room_alias"": ""二室"", ""area"": 91}, {""id"": 345308, ""rooms"": 3, ""room_alias"": ""三室"", ""area"": 104}, {""id"": 345309, ""rooms"": 3, ""room_alias"": ""三室"", ""area"": 111}, {""id"": 432949, ""rooms"": 3, ""room_alias"": ""三室"", ""area"": 130}, {""id"": 345310, ""rooms"": 3, ""room_alias"": ""三室"", ""area"": 134}]",2/3室,"2室户型,3室户型",1997-08-27,,1997年,1998年,"[""2016-04-21"", ""2017-05-24"", ""2018-09-12""]","{多层,小高层,高层}",多层、小高层、高层,70年,2.2,35%,1832,毛坯,,住宅,合景悠活,1.4元/㎡/月,,231,1:0.1,售罄,售罄,售罄,"[""西房注字(2016)011"", ""西房注字(2017)015"", ""西房注字(2018)037""]","[""22#"", ""17#"", ""13#，14#，15#，16#""]",金地,,青岛华商集团,民电,民水,36.872208,120.550582,"""""","{""76"": ""厨卫全明"", ""75"": ""三房朝南"", ""74"": ""南北通透"", ""72"": ""配套纯熟"", ""70"": ""银行"", ""69"": ""学校"", ""68"": ""医院"", ""66"": ""公园"", ""65"": ""商业街"", ""64"": ""购物中心"", ""78"": ""大户型"", ""82"": ""双卫生间"", ""637"": ""公办中学"", ""636"": ""公办小学"", ""599"": ""省级示范园"", ""598"": ""民办幼儿园"", ""597"": ""公办幼儿园"", ""54"": ""大型社区""}","[""厨卫全明"", ""三房朝南"", ""南北通透"", ""配套纯熟"", ""银行""]",https://pic4.ajkimg.com/display/xinfang/760452721b80e9227d4453fa49251fcd/275x206n.jpg,[],莱西市团岛路89号(烟台路与团岛路交汇处西200米)
9631088,利盛西岸华庭,青岛,30,莱西市,3648,莱西,3720,青岛莱西市莱西南墅镇中心街水晶路57号利客来旁,,826元/㎡,826元/㎡,首付5万，月供1218元,91-120㎡,58000m²,78000m²,"[{""id"": 361215, ""rooms"": 2, ""room_alias"": ""二室"", ""area"": 91}, {""id"": 366748, ""rooms"": 2, ""room_alias"": ""二室"", ""area"": 92}, {""id"": 366706, ""rooms"": 4, ""room_alias"": ""四室"", ""area"": 120}]",2/4室,"2室户型,4室户型",1997-10-08,2018年05月22日,1997年,1998年,"[""2017-03-20""]",{多层},多层,70年,1.33,37%,300,毛坯,,住宅,万科物业,0.31元/㎡/月,,160,1：0.6,售罄,售罄,售罄,"[""西房注字(2016)036""]","[""4#、1#、2#、3#、5#、7#、10#、6#、8#、9#""]",中梁,,青岛利客来易和投资有限公司,民电,民水,37.041168,120.345232,"{""service_num"": ""4006708287"", ""num"": """"}","{""559"": ""现房"", ""53"": ""高绿化率"", ""52"": ""低容积"", ""74"": ""南北通透"", ""72"": ""配套纯熟"", ""71"": ""便利店"", ""70"": ""银行"", ""69"": ""学校"", ""65"": ""商业街"", ""78"": ""大户型"", ""637"": ""公办中学"", ""597"": ""公办幼儿园"", ""263"": ""VR看房""}","[""现房"", ""高绿化率"", ""低容积"", ""南北通透"", ""配套纯熟""]",https://pic4.ajkimg.com/display/xinfang/5f253c6f7ec93306e8de176e9e604f51/275x206n.jpg,[],莱西市南墅镇水晶路利客来对面
6082792,瑞嘉园,青岛,30,市北区,3640,错埠岭,5437,青岛市北区错埠岭辽阳西路与南京路交叉口西200米,,,,,127-190㎡,,,"[{""id"": 888146, ""rooms"": 3, ""room_alias"": ""三室"", ""area"": 127}, {""id"": 888205, ""rooms"": 4, ""room_alias"": ""四室"", ""area"": 143}, {""id"": 888207, ""rooms"": 4, ""room_alias"": ""四室"", ""area"": 143}, {""id"": 888208, ""rooms"": 4, ""room_alias"": ""四室"", ""area"": 190}]",3/4室,"3室户型,4室户型",1997-04-28,2026年03月31日,1997年,1998年,[],"{小高层,花园洋房}",小高层、花园洋房,70年,2.4,35%,360,带装修,在建中，竣工时间：暂无数据,住宅,招商积余,3.02元/㎡/月,,468,1:1.3,售罄,售罄,售罄,[],[],新城控股,中海地产,,民电,民水,36.085157,120.372666,"""""","{""80"": ""得房率高"", ""56"": ""车位充足"", ""29"": ""装修交付"", ""9"": ""轨交房"", ""76"": ""厨卫全明"", ""74"": ""南北通透"", ""73"": ""卧室全朝南"", ""7"": ""项目在建"", ""10"": ""多轨交"", ""72"": ""配套纯熟"", ""71"": ""便利店"", ""70"": ""银行"", ""69"": ""学校"", ""68"": ""医院"", ""67"": ""生态绿地"", ""66"": ""公园"", ""65"": ""商业街"", ""64"": ""购物中心"", ""78"": ""大户型"", ""402"": ""玄关入户"", ""401"": ""户型方正"", ""85"": ""主卧套房"", ""88"": ""活动优惠"", ""92"": ""热搜盘"", ""91"": ""热评楼盘"", ""90"": ""人气楼盘"", ""638"": ""民办中学"", ""637"": ""公办中学"", ""636"": ""公办小学"", ""635"": ""民办小学"", ""624"": ""九年一贯制"", ""598"": ""民办幼儿园"", ""597"": ""公办幼儿园"", ""541"": ""3D沙盘"", ""540"": ""日照模拟"", ""422"": ""30日内开盘"", ""263"": ""VR看房"", ""55"": ""小型社区"", ""50"": ""品牌开发商""}","[""得房率高"", ""车位充足"", ""装修交付"", ""轨交房"", ""厨卫全明""]",https://pic6.ajkimg.com/mat/e2957569f35e7712f77f70a74903cb08?imageMogr2/thumbnail/275x206,"[{""id"": ""7332433"", ""loupan_id"": ""533600"", ""station_id"": ""120732"", ""subway_id"": ""12051"", ""city_id"": ""30"", ""distance"": ""194米"", ""status"": ""1"", ""last_update_time"": ""1774212707"", ""is_rail_loupan"": ""1"", ""subway_name"": ""4号线"", ""station_name"": ""错埠岭"", ""distance_raw"": ""194""}, {""id"": ""7332435"", ""loupan_id"": ""533600"", ""station_id"": ""4368"", ""subway_id"": ""121"", ""city_id"": ""30"", ""distance"": ""341米"", ""status"": ""1"", ""last_update_time"": ""1774212709"", ""is_rail_loupan"": ""1"", ""subway_name"": ""3号线"", ""station_name"": ""错埠岭"", ""distance_raw"": ""341""}, {""id"": ""7332430"", ""loupan_id"": ""533600"", ""station_id"": ""121286"", ""subway_id"": ""1044"", ""city_id"": ""30"", ""distance"": ""1006米"", ""status"": ""1"", ""last_update_time"": ""1774212706"", ""is_rail_loupan"": ""1"", ""subway_name"": ""8号线"", ""station_name"": ""西吴家村"", ""distance_raw"": ""1006""}, {""id"": ""7332436"", ""loupan_id"": ""533600"", ""station_id"": ""4369"", ""subway_id"": ""121"", ""city_id"": ""30"", ""distance"": ""1098米"", ""status"": ""1"", ""last_update_time"": ""1774212709"", ""is_rail_loupan"": ""1"", ""subway_name"": ""3号线"", ""station_name"": ""敦化路"", ""distance_raw"": ""1098""}, {""id"": ""7332432"", ""loupan_id"": ""533600"", ""station_id"": ""120733"", ""subway_id"": ""12051"", ""city_id"": ""30"", ""distance"": ""1232米"", ""status"": ""1"", ""last_update_time"": ""1774212707"", ""is_rail_loupan"": ""1"", ""subway_name"": ""4号线"", ""station_name"": ""福辽立交桥"", ""distance_raw"": ""1232""}, {""id"": ""7332431"", ""loupan_id"": ""533600"", ""station_id"": ""120731"", ""subway_id"": ""12051"", ""city_id"": ""30"", ""distance"": ""1298米"", ""status"": ""1"", ""last_update_time"": ""1774212707"", ""is_rail_loupan"": ""1"", ""subway_name"": ""4号线"", ""station_name"": ""西吴家村"", ""distance_raw"": ""1298""}]",青岛市市北区辽阳西路兴业大厦南侧约130米中海青云萬里接待中心
2544810,万月亮坊,青岛,30,市南区,3639,二轻新村,5182,青岛市南区二轻新村延吉路221号（延吉路与绍兴路交叉口东南角）,,,,,49-56㎡,5291.4m²,26930.5m²,[],,商业户型,1997-02-24,,1997年,1998年,[],高层,,40年,,20%,287,毛坯,,商业,绿城服务,4.8元/㎡/月,,215,1:0.75,售罄,售罄,售罄,"[""青房注字(2017)第096号""]",[],雅居乐,,,商电,商水,36.079032,120.413107,"""""","{""9"": ""轨交房"", ""10"": ""多轨交"", ""71"": ""便利店"", ""70"": ""银行"", ""213"": ""地铁沿线"", ""55"": ""小型社区""}","[""轨交房"", ""多轨交"", ""便利店"", ""银行"", ""地铁沿线""]",https://pic4.ajkimg.com/display/xinfang/e249416e8785a9cc1795eb27d8eeb451/275x206n.jpg,"[{""id"": ""7316809"", ""loupan_id"": ""430811"", ""station_id"": ""4369"", ""subway_id"": ""121"", ""city_id"": ""30"", ""distance"": ""647米"", ""status"": ""1"", ""last_update_time"": ""1774212709"", ""is_rail_loupan"": ""1"", ""subway_name"": ""3号线"", ""station_name"": ""敦化路"", ""distance_raw"": ""647""}, {""id"": ""7316138"", ""loupan_id"": ""430811"", ""station_id"": ""121168"", ""subway_id"": ""12068"", ""city_id"": ""30"", ""distance"": ""922米"", ""status"": ""1"", ""last_update_time"": ""1774212708"", ""is_rail_loupan"": ""1"", ""subway_name"": ""5号线"", ""station_name"": ""宁夏路"", ""distance_raw"": ""922""}, {""id"": ""7316801"", ""loupan_id"": ""430811"", ""station_id"": ""4370"", ""subway_id"": ""121"", ""city_id"": ""30"", ""distance"": ""1031米"", ""status"": ""1"", ""last_update_time"": ""1774212709"", ""is_rail_loupan"": ""1"", ""subway_name"": ""3号线"", ""station_name"": ""宁夏路"", ""distance_raw"": ""1031""}, {""id"": ""7316812"", ""loupan_id"": ""430811"", ""station_id"": ""4368"", ""subway_id"": ""121"", ""city_id"": ""30"", ""distance"": ""1433米"", ""status"": ""1"", ""last_update_time"": ""1774212709"", ""is_rail_loupan"": ""1"", ""subway_name"": ""3号线"", ""station_name"": ""错埠岭"", ""distance_raw"": ""1433""}]",市南区延吉路221号，延吉路与绍兴路交叉口东南角
5323232,集力世纪湾,青岛,30,黄岛区,4516,长江路,5213,青岛黄岛区长江路长江东路（青岛理工大学斜对面）,,,,,,47000m²,280000m²,[],,,1997-05-27,,1997年,1998年,[],{高层},高层,70年,5.09,35%,1023,毛坯,,住宅,华润万象生活,,,,,售罄,售罄,售罄,[],[],新城控股,,,民电,民水,35.98981,120.199841,"""""","{""9"": ""轨交房"", ""63"": ""旅游地产"", ""72"": ""配套纯熟"", ""71"": ""便利店"", ""70"": ""银行"", ""69"": ""学校"", ""68"": ""医院"", ""67"": ""生态绿地"", ""66"": ""公园"", ""65"": ""商业街"", ""637"": ""公办中学"", ""636"": ""公办小学"", ""599"": ""省级示范园"", ""598"": ""民办幼儿园"", ""597"": ""公办幼儿园""}","[""轨交房"", ""旅游地产"", ""配套纯熟"", ""便利店"", ""银行""]",https://pic4.ajkimg.com/display/xinfang/d8633d1debe4e7766c485b7f8587d27e/275x206n.jpg,"[{""id"": ""7314168"", ""loupan_id"": ""242043"", ""station_id"": ""120347"", ""subway_id"": ""1045"", ""city_id"": ""30"", ""distance"": ""1180米"", ""status"": ""1"", ""last_update_time"": ""1774212706"", ""is_rail_loupan"": ""1"", ""subway_name"": ""1号线"", ""station_name"": ""薛家岛"", ""distance_raw"": ""1180""}]",长江东路青岛理工大学斜对面
1063159,博墅A区,青岛,30,即墨区,3645,即墨老城,17475,青岛即墨区即墨老城石林一路137号,,2992元/㎡,2992元/㎡,首付20万，月供4945元,103-171㎡,97953m²,156725m²,"[{""id"": 470040, ""rooms"": 3, ""room_alias"": ""三室"", ""area"": 103}, {""id"": 470041, ""rooms"": 3, ""room_alias"": ""三室"", ""area"": 119}, {""id"": 541811, ""rooms"": 3, ""room_alias"": ""三室"", ""area"": 131}, {""id"": 470042, ""rooms"": 3, ""room_alias"": ""三室"", ""area"": 137}, {""id"": 470043, ""rooms"": 3, ""room_alias"": ""三室"", ""area"": 143}, {""id"": 519554, ""rooms"": 4, ""room_alias"": ""四室"", ""area"": 171}]",3/4室,"3室户型,4室户型",1997-05-22,2021年05月25日,1997年,1998年,"[""2019-09-20"", ""2019-08-08"", ""2019-09-20"", ""2021-05-25"", ""2019-08-08"", ""2021-05-19""]",小高层,小高层、高层,70年,1.6,30%,1058,带装修,,住宅,金地智慧服务,1.9元/㎡/月,,1632,1:1.54,售罄,售罄,售罄,"[""即房注字(2019)第071号"", ""即房注字(2019)第067号"", ""即房注字(2019)第082号"", ""即房注字(2021)第034号"", ""即房注字(2019)第064号"", ""即房注字(2021)第017号""]","[""21#"", ""18#、20#"", ""19#、22#"", ""13#、14#、4#、9#"", ""17#"", ""15#、5#""]",象屿,禹洲集团,禹州地产,民电,民水,36.40107,120.404944,"""""","{""81"": ""大阳台"", ""56"": ""车位充足"", ""52"": ""低容积"", ""29"": ""装修交付"", ""76"": ""厨卫全明"", ""75"": ""三房朝南"", ""74"": ""南北通透"", ""73"": ""卧室全朝南"", ""66"": ""公园"", ""78"": ""大户型"", ""404"": ""客餐厅相连"", ""402"": ""玄关入户"", ""401"": ""户型方正"", ""397"": ""动静分离"", ""85"": ""主卧套房"", ""637"": ""公办中学"", ""636"": ""公办小学"", ""600"": ""市级示范园"", ""598"": ""民办幼儿园"", ""597"": ""公办幼儿园"", ""263"": ""VR看房"", ""50"": ""品牌开发商""}","[""大阳台"", ""车位充足"", ""低容积"", ""装修交付"", ""厨卫全明""]",https://pic4.ajkimg.com/display/xinfang/d717cccc7b166e6b1978f5b33c780a3b/275x206n.jpg,[],青岛市即墨区长江一路与华山一路交汇处
5031081,绿北辰苑,青岛,30,即墨区,3645,即墨老城,17475,青岛即墨区即墨老城文峰路48号,,3573元/㎡,3573元/㎡,首付28万，月供6701元,117-153㎡,31500m²,67317m²,"[{""id"": 533847, ""rooms"": 3, ""room_alias"": ""三室"", ""area"": 117}, {""id"": 533846, ""rooms"": 3, ""room_alias"": ""三室"", ""area"": 120}, {""id"": 533848, ""rooms"": 3, ""room_alias"": ""三室"", ""area"": 136}, {""id"": 533854, ""rooms"": 3, ""room_alias"": ""三室"", ""area"": 141}, {""id"": 533857, ""rooms"": 4, ""room_alias"": ""四室"", ""area"": 153}]",3/4室,"3室户型,4室户型",1997-06-14,2021年01月26日,1997年,1998年,"[""2020-03-25"", ""2021-02-26""]",{小高层},小高层,70年,1.5,46%,353,带装修,,住宅,合景悠活,2.75元/㎡/月,,491,1:1.39,售罄,售罄,售罄,"[""即房注字(2020)第008号"", ""即房注字(2021)第005号""]","[""1#"", ""3#、7#""]",新城控股,海信地产,海信地产,民电,民水,36.387483,120.493999,"""""","{""559"": ""现房"", ""81"": ""大阳台"", ""56"": ""车位充足"", ""53"": ""高绿化率"", ""52"": ""低容积"", ""29"": ""装修交付"", ""76"": ""厨卫全明"", ""74"": ""南北通透"", ""73"": ""卧室全朝南"", ""78"": ""大户型"", ""404"": ""客餐厅相连"", ""402"": ""玄关入户"", ""401"": ""户型方正"", ""85"": ""主卧套房"", ""638"": ""民办中学"", ""637"": ""公办中学"", ""636"": ""公办小学"", ""635"": ""民办小学"", ""598"": ""民办幼儿园"", ""597"": ""公办幼儿园"", ""263"": ""VR看房"", ""50"": ""品牌开发商""}","[""现房"", ""大阳台"", ""车位充足"", ""高绿化率"", ""低容积""]",https://pic4.ajkimg.com/display/xinfang/44f0d93d6bbfab253236232dfc63b753/275x206n.jpg,[],即墨区天井山一路与文峰路交汇处
2195778,海信阳光堂,青岛,30,崂山区,3643,沙子口,5201,青岛崂山区沙子口九水东路与松山后路交汇处,,6922元/㎡,6922元/㎡,首付73万，月供17560元,160-260㎡,别墅：33765.25m² 住宅：33765.25m²,别墅：78533.81m² 住宅：78533.81m²,"[{""id"": 759689, ""rooms"": 3, ""room_alias"": ""三室"", ""area"": 160}, {""id"": 759690, ""rooms"": 3, ""room_alias"": ""三室"", ""area"": 160}, {""id"": 759706, ""rooms"": 3, ""room_alias"": ""三室"", ""area"": 181}, {""id"": 759700, ""rooms"": 3, ""room_alias"": ""三室"", ""area"": 215}, {""id"": 759705, ""rooms"": 3, ""room_alias"": ""三室"", ""area"": 215}, {""id"": 759718, ""rooms"": 3, ""room_alias"": ""三室"", ""area"": 220}, {""id"": 759726, ""rooms"": 3, ""room_alias"": ""三室"", ""area"": 245}, {""id"": 759691, ""rooms"": 4, ""room_alias"": ""四室"", ""area"": 180}, {""id"": 759693, ""rooms"": 4, ""room_alias"": ""四室"", ""area"": 252}, {""id"": 759712, ""rooms"": 4, ""room_alias"": ""四室"", ""area"": 260}]",3/4室,"3室户型,4室户型",1997-12-12,2022年10月15日,1997年,1998年,"[""2022-10-10""]",洋房,别墅：叠加别墅 住宅：多层,别墅：50年 住宅：70年,住宅：1.5,别墅：40% 住宅：40%,别墅：294 住宅：294,"别墅：毛坯,带装修 住宅：毛坯,带装修",已竣工，竣工时间：暂无数据,别墅,绿城服务,住宅：4元/㎡/月,,别墅：445 住宅：445,别墅：1:1.7 住宅：1:1.7,售罄,售罄,售罄,"[""青崂房预字（2022）第0030号""]","[""南组团6#、南组团7#、北组团3#、北组团4#、南组团1#、北组团2#""]",佳兆业,海信地产,青岛中植天平投资管理有限公司,别墅：民电,别墅：民水,36.15603,120.552134,"{""service_num"": ""4006708287"", ""num"": ""77790""}","{""559"": ""现房"", ""557"": ""项目竣工"", ""56"": ""车位充足"", ""53"": ""高绿化率"", ""52"": ""低容积"", ""29"": ""装修交付"", ""9"": ""轨交房"", ""76"": ""厨卫全明"", ""74"": ""南北通透"", ""73"": ""卧室全朝南"", ""70"": ""银行"", ""69"": ""学校"", ""68"": ""医院"", ""78"": ""大户型"", ""404"": ""客餐厅相连"", ""402"": ""玄关入户"", ""401"": ""户型方正"", ""397"": ""动静分离"", ""85"": ""主卧套房"", ""83"": ""双阳台"", ""91"": ""热评楼盘"", ""638"": ""民办中学"", ""637"": ""公办中学"", ""636"": ""公办小学"", ""598"": ""民办幼儿园"", ""597"": ""公办幼儿园"", ""541"": ""3D沙盘"", ""540"": ""日照模拟"", ""263"": ""VR看房"", ""55"": ""小型社区"", ""50"": ""品牌开发商""}","[""现房"", ""项目竣工"", ""车位充足"", ""高绿化率"", ""低容积""]",https://pic4.ajkimg.com/display/xinfang/a535a5fbb5cad1a24a1ccfd27075130a/275x206n.jpg,"[{""id"": ""7249941"", ""loupan_id"": ""510271"", ""station_id"": ""120739"", ""subway_id"": ""12051"", ""city_id"": ""30"", ""distance"": ""1140米"", ""status"": ""1"", ""last_update_time"": ""1774212706"", ""is_rail_loupan"": ""1"", ""subway_name"": ""4号线"", ""station_name"": ""南宅科"", ""distance_raw"": ""1140""}]",青岛市崂山区九水东路与松山后路交汇处
4565589,锦居一期,青岛,30,即墨区,3645,金口镇,17474,青岛即墨区金口镇即东路112号,,,,,78-89㎡,46265m²,50478m²,"[{""id"": 144695, ""rooms"": 2, ""room_alias"": ""二室"", ""area"": 78}, {""id"": 144698, ""rooms"": 2, ""room_alias"": ""二室"", ""area"": 89}]",2室,2室户型,1997-05-18,,1997年,1998年,[],{多层},多层,70年,1.2,35%,440,毛坯,,住宅,金地智慧服务,0.7元/㎡/月,,260,1:1,售罄,售罄,售罄,"[""即房(2013)注字048"", ""即房(2013)注字073""]",[],新城控股,,,民电,民水,36.538013,120.696945,"""""","{""52"": ""低容积"", ""72"": ""配套纯熟"", ""70"": ""银行"", ""69"": ""学校"", ""68"": ""医院"", ""64"": ""购物中心"", ""637"": ""公办中学"", ""598"": ""民办幼儿园"", ""597"": ""公办幼儿园""}","[""低容积"", ""配套纯熟"", ""银行"", ""学校"", ""医院""]",https://pic4.ajkimg.com/display/xinfang/5420ef0372f1d58d41396884a732c248/275x206n.jpg,[],即墨区金口镇党群服务中心西邻 建筑规划
2427920,世乐居岸,青岛,30,李沧区,3642,李村,3690,青岛李沧区李村九水东路496号，金水河东侧,,,,,89㎡,135000m²,282250m²,"[{""id"": 42852, ""rooms"": 2, ""room_alias"": ""二室"", ""area"": 88.53}, {""id"": 42851, ""rooms"": 2, ""room_alias"": ""二室"", ""area"": 88.76}]",2室,2室户型,1997-06-17,,1997年,1998年,[],{高层},高层,70年,1.8,40%,1623,毛坯,,住宅,雅生活服务,0.96元/㎡/月,,1000,,售罄,售罄,售罄,[],[],融创,,青岛和达置业有限公司,民电,民水,36.163078,120.488321,"""""","{""53"": ""高绿化率"", ""52"": ""低容积"", ""9"": ""轨交房"", ""72"": ""配套纯熟"", ""70"": ""银行"", ""69"": ""学校"", ""68"": ""医院"", ""66"": ""公园"", ""65"": ""商业街"", ""64"": ""购物中心"", ""638"": ""民办中学"", ""637"": ""公办中学"", ""636"": ""公办小学"", ""635"": ""民办小学"", ""598"": ""民办幼儿园"", ""597"": ""公办幼儿园"", ""54"": ""大型社区""}","[""高绿化率"", ""低容积"", ""轨交房"", ""配套纯熟"", ""银行""]",https://pic4.ajkimg.com/display/xinfang/fdb99fd609761e0cabdcd1bdf0e0a841/275x206n.jpg,"[{""id"": ""7314535"", ""loupan_id"": ""241948"", ""station_id"": ""121232"", ""subway_id"": ""126"", ""city_id"": ""30"", ""distance"": ""1333米"", ""status"": ""1"", ""last_update_time"": ""1774212706"", ""is_rail_loupan"": ""1"", ""subway_name"": ""2号线"", ""station_name"": ""东川路"", ""distance_raw"": ""1333""}, {""id"": ""7314533"", ""loupan_id"": ""241948"", ""station_id"": ""121231"", ""subway_id"": ""126"", ""city_id"": ""30"", ""distance"": ""1443米"", ""status"": ""1"", ""last_update_time"": ""1774212706"", ""is_rail_loupan"": ""1"", ""subway_name"": ""2号线"", ""station_name"": ""汉川路"", ""distance_raw"": ""1443""}]",九水东路496号销售中心
2945101,安兴盛世锦园,青岛,30,莱西市,3648,莱西,3720,青岛莱西市莱西香港路88号,,,,,94-126㎡,76000m²,215000m²,"[{""id"": 533772, ""rooms"": 2, ""room_alias"": ""二室"", ""area"": 93.8}, {""id"": 533749, ""rooms"": 3, ""room_alias"": ""三室"", ""area"": 107.32}, {""id"": 533773, ""rooms"": 3, ""room_alias"": ""三室"", ""area"": 113.52}, {""id"": 616168, ""rooms"": 3, ""room_alias"": ""三室"", ""area"": 120.11}, {""id"": 533751, ""rooms"": 3, ""room_alias"": ""三室"", ""area"": 125.69}, {""id"": 616169, ""rooms"": 3, ""room_alias"": ""三室"", ""area"": 125.9}]",2/3室,"2室户型,3室户型",1997-06-09,2021年09月08日,1997年,1998年,"[""2021-09-08"", ""2021-06-01"", ""2021-02-21"", ""2020-01-22""]","{多层,小高层,高层}",多层、小高层、高层,70年,2,40%,676,毛坯,,住宅,绿城服务,2.06元/㎡/月,,680,1:1,售罄,售罄,售罄,"[""西房注字（2021）044"", ""西房注字（2021）025"", ""西房注字（2021）007"", ""青房注字第2020007号""]","[""13#"", ""11#、7#"", ""12#、5#、9#"", ""1#、2#、4#、14#""]",绿城,,青岛安兴置业有限公司,民电,民水,36.916655,120.549464,"""""","{""81"": ""大阳台"", ""53"": ""高绿化率"", ""76"": ""厨卫全明"", ""74"": ""南北通透"", ""78"": ""大户型"", ""404"": ""客餐厅相连"", ""402"": ""玄关入户"", ""401"": ""户型方正"", ""397"": ""动静分离"", ""85"": ""主卧套房"", ""83"": ""双阳台"", ""638"": ""民办中学"", ""637"": ""公办中学"", ""636"": ""公办小学"", ""598"": ""民办幼儿园"", ""597"": ""公办幼儿园"", ""263"": ""VR看房""}","[""大阳台"", ""高绿化率"", ""厨卫全明"", ""南北通透"", ""大户型""]",https://pic4.ajkimg.com/display/xinfang/08aa46a40a3f4f806678c9ea29ba9c1a/275x206n.jpg,[],莱西市香港路与辽宁路交汇处
9011970,世佳苑,青岛,30,莱西市,3648,莱西,3720,青岛莱西市莱西莱西市上海路利群西1800米,,,,,87-122㎡,,,"[{""id"": 423009, ""rooms"": 2, ""room_alias"": ""二室"", ""area"": 87}, {""id"": 423012, ""rooms"": 3, ""room_alias"": ""三室"", ""area"": 97}, {""id"": 423010, ""rooms"": 3, ""room_alias"": ""三室"", ""area"": 108}, {""id"": 423013, ""rooms"": 3, ""room_alias"": ""三室"", ""area"": 112}, {""id"": 423011, ""rooms"": 4, ""room_alias"": ""四室"", ""area"": 122}]",2/3/4室,"2室户型,3室户型,4室户型",1997-01-07,2019年09月30日,1997年,1998年,[],"{多层,小高层}",多层、小高层,70年,,,,毛坯,,住宅,世茂服务,,,,,售罄,售罄,售罄,[],[],中海,,,民电,民水,36.887881,120.525028,"""""","{""76"": ""厨卫全明"", ""74"": ""南北通透"", ""69"": ""学校"", ""78"": ""大户型"", ""402"": ""玄关入户"", ""401"": ""户型方正"", ""85"": ""主卧套房"", ""638"": ""民办中学"", ""637"": ""公办中学"", ""636"": ""公办小学"", ""599"": ""省级示范园"", ""598"": ""民办幼儿园"", ""597"": ""公办幼儿园"", ""263"": ""VR看房""}","[""厨卫全明"", ""南北通透"", ""学校"", ""大户型"", ""玄关入户""]",https://pic4.ajkimg.com/display/xinfang/946d3abdac4bb5978160354e60cee481/275x206n.jpg,[],莱西市上海路利群西1700米附近
2626370,和月亮洲,青岛,30,西海岸新区,3646,灵山卫,5209,青岛西海岸新区灵山卫滨海大道与海港路交叉口沿海港路向南前行800米,,2903元/㎡,2903元/㎡,首付24万，月供5734元,108-139㎡,37289m²,90851.08m²,"[{""id"": 816179, ""rooms"": 3, ""room_alias"": ""三室"", ""area"": 108}, {""id"": 814722, ""rooms"": 3, ""room_alias"": ""三室"", ""area"": 119}, {""id"": 814926, ""rooms"": 4, ""room_alias"": ""四室"", ""area"": 139}]",3/4室,"3室户型,4室户型",1997-10-20,2023年09月30日,1997年,1998年,"[""2026-02-11"", ""2025-06-30"", ""2025-02-20"", ""2023-12-27"", ""2024-09-21""]",{小高层},小高层,70年,1.84,30%,475,毛坯,在建中，竣工时间：2025-05-30,住宅,合景悠活,,,,,售罄,售罄,售罄,"[""青房注字青黄（26）第003号"", ""青房注字青黄（25）第022号"", ""青房注字青黄（25）第003号"", ""青房注字青黄（23）第152号"", ""青房注字青黄（2023）第131号""]","[""8#"", ""5#、7#"", ""3#"", ""4#"", ""2#、1#""]",象屿,华润置地,,民电,民水,35.904525,120.146629,"{""service_num"": ""4006708287"", ""num"": ""100331""}","{""559"": ""现房"", ""52"": ""低容积"", ""76"": ""厨卫全明"", ""74"": ""南北通透"", ""73"": ""卧室全朝南"", ""7"": ""项目在建"", ""276"": ""一房一价"", ""5"": ""低单价"", ""72"": ""配套纯熟"", ""70"": ""银行"", ""69"": ""学校"", ""68"": ""医院"", ""66"": ""公园"", ""65"": ""商业街"", ""64"": ""购物中心"", ""78"": ""大户型"", ""402"": ""玄关入户"", ""401"": ""户型方正"", ""85"": ""主卧套房"", ""82"": ""双卫生间"", ""637"": ""公办中学"", ""636"": ""公办小学"", ""598"": ""民办幼儿园"", ""597"": ""公办幼儿园"", ""541"": ""3D沙盘"", ""540"": ""日照模拟"", ""279"": ""品质好房"", ""278"": ""高性价比"", ""263"": ""VR看房"", ""213"": ""地铁沿线"", ""97"": ""刚需直选"", ""50"": ""品牌开发商""}","[""现房"", ""低容积"", ""厨卫全明"", ""南北通透"", ""卧室全朝南""]",https://pic4.ajkimg.com/display/xinfang/f50dfcd0dbca61a6bc9f19a31faeafbe/275x206n.jpg,[],西海岸新区滨海大道与海港路交叉口沿海港路向南前行800米
1566138,七栋金色豪庭,青岛,30,黄岛区,4516,石雀滩,5216,青岛黄岛区石雀滩石雀滩路73、75号,,,,,88-275㎡,23500m²,18000m²,"[{""id"": 55225, ""rooms"": 2, ""room_alias"": ""二室"", ""area"": 88}, {""id"": 55224, ""rooms"": 3, ""room_alias"": ""三室"", ""area"": 125}, {""id"": 55222, ""rooms"": 4, ""room_alias"": ""四室"", ""area"": 275}]",3/4室、2室,"商业户型,3室户型,4室户型",1997-07-24,,1997年,1998年,[],{多层},,40年,,,132,,,商业,世茂服务,,,151,1:1,售罄,售罄,售罄,[],[],路劲,,青岛亚星置业,商电,商水,35.958966,120.223504,"""""","{""63"": ""旅游地产"", ""72"": ""配套纯熟"", ""71"": ""便利店"", ""70"": ""银行"", ""68"": ""医院"", ""67"": ""生态绿地"", ""66"": ""公园"", ""65"": ""商业街"", ""64"": ""购物中心"", ""78"": ""大户型"", ""55"": ""小型社区""}","[""旅游地产"", ""配套纯熟"", ""便利店"", ""银行"", ""医院""]",https://pic4.ajkimg.com/display/xinfang/fe586dea51f311068469b76757d7c761/275x206n.jpg,[],开发区井冈山路220号（亚星营销接待中心）
7805570,紫湾二期,青岛,30,崂山区,3643,石老人,3704,青岛崂山区石老人松岭路与仙霞岭路交汇处,,12282元/㎡,12282元/㎡,首付153万，月供36661元,236-331㎡,38298m²,157219m²,"[{""id"": 799607, ""rooms"": 4, ""room_alias"": ""四室"", ""area"": 236}, {""id"": 841031, ""rooms"": 4, ""room_alias"": ""四室"", ""area"": 244}, {""id"": 799608, ""rooms"": 4, ""room_alias"": ""四室"", ""area"": 257}, {""id"": 799609, ""rooms"": 5, ""room_alias"": ""五室"", ""area"": 331}]",4/5室,"4室户型,5室户型",1997-09-06,2023年09月03日,1997年,1998年,"[""2025-03-21"", ""2023-09-06""]","{小高层,花园洋房}",小高层、花园洋房,70年,2.8,45%,159,带装修,在建中，竣工时间：2026-03-31,住宅,绿城服务,,,1100,1:2,售罄,售罄,售罄,"[""青崂房预字（2025）第0005号"", ""青崂房预字（2023）第0010号""]","[""5#"", ""1#、3#、2#""]",建发,银丰地产,,民电,民水,36.101702,120.474541,"{""service_num"": ""4006708287"", ""num"": ""75310""}","{""56"": ""车位充足"", ""53"": ""高绿化率"", ""29"": ""装修交付"", ""9"": ""轨交房"", ""76"": ""厨卫全明"", ""74"": ""南北通透"", ""73"": ""卧室全朝南"", ""7"": ""项目在建"", ""276"": ""一房一价"", ""72"": ""配套纯熟"", ""71"": ""便利店"", ""70"": ""银行"", ""69"": ""学校"", ""68"": ""医院"", ""66"": ""公园"", ""65"": ""商业街"", ""64"": ""购物中心"", ""78"": ""大户型"", ""402"": ""玄关入户"", ""401"": ""户型方正"", ""397"": ""动静分离"", ""85"": ""主卧套房"", ""92"": ""热搜盘"", ""91"": ""热评楼盘"", ""90"": ""人气楼盘"", ""744"": ""好房子"", ""637"": ""公办中学"", ""636"": ""公办小学"", ""598"": ""民办幼儿园"", ""597"": ""公办幼儿园"", ""541"": ""3D沙盘"", ""540"": ""日照模拟"", ""263"": ""VR看房"", ""55"": ""小型社区"", ""50"": ""品牌开发商""}","[""车位充足"", ""高绿化率"", ""装修交付"", ""轨交房"", ""厨卫全明""]",https://pic4.ajkimg.com/display/xinfang/f026aa3c51534f79753411a7915a5b73/275x206n.jpg,"[{""id"": ""7247873"", ""loupan_id"": ""519335"", ""station_id"": ""4381"", ""subway_id"": ""122"", ""city_id"": ""30"", ""distance"": ""284米"", ""status"": ""1"", ""last_update_time"": ""1774212708"", ""is_rail_loupan"": ""1"", ""subway_name"": ""蓝谷快线"", ""station_name"": ""青岛二中"", ""distance_raw"": ""284""}, {""id"": ""7247872"", ""loupan_id"": ""519335"", ""station_id"": ""4380"", ""subway_id"": ""122"", ""city_id"": ""30"", ""distance"": ""1151米"", ""status"": ""1"", ""last_update_time"": ""1774212708"", ""is_rail_loupan"": ""1"", ""subway_name"": ""蓝谷快线"", ""station_name"": ""会展中心"", ""distance_raw"": ""1151""}]",崂山区海尔路77-1号
2524788,银时代舍,青岛,30,西海岸新区,3646,滨海大道,5211,青岛西海岸新区滨海大道青岛市黄岛区双珠路185号,,,,,,,,[],,,1997-12-07,2019年10月12日,1997年,1998年,[],高层,,40年,,,67,毛坯,,商业街,新城悦服务,3.5~3.8元/㎡/月,,67,1:1,售罄,售罄,售罄,[],[],金茂,,青岛红星国际置业有限公司,商电,商水,35.89356,120.031945,"""""","{""559"": ""现房"", ""9"": ""轨交房"", ""151"": ""预约登记"", ""46"": ""沿街商铺"", ""218"": ""综合商铺"", ""214"": ""品牌商铺"", ""55"": ""小型社区""}","[""现房"", ""轨交房"", ""预约登记"", ""沿街商铺"", ""综合商铺""]",https://pic4.ajkimg.com/display/xinfang/a05924f41e0b838d0b3c0d97adf440cf/275x206n.jpg,"[{""id"": ""7315705"", ""loupan_id"": ""462760"", ""station_id"": ""121243"", ""subway_id"": ""12071"", ""city_id"": ""30"", ""distance"": ""576米"", ""status"": ""1"", ""last_update_time"": ""1774212708"", ""is_rail_loupan"": ""1"", ""subway_name"": ""6号线"", ""station_name"": ""朝阳山路"", ""distance_raw"": ""576""}, {""id"": ""7315706"", ""loupan_id"": ""462760"", ""station_id"": ""121242"", ""subway_id"": ""12071"", ""city_id"": ""30"", ""distance"": ""1338米"", ""status"": ""1"", ""last_update_time"": ""1774212708"", ""is_rail_loupan"": ""1"", ""subway_name"": ""6号线"", ""station_name"": ""凤凰山路"", ""distance_raw"": ""1338""}]",青岛西海岸新区西海岸路与易通路交汇处西100米
1422499,龙湖阳光岸,青岛,30,城阳区,3644,高新区,6139,青岛城阳区高新区双元路16号甲,,,,,400㎡,82403m²,54386.7m²,"[{""id"": 259402, ""rooms"": 4, ""room_alias"": ""四室"", ""area"": 400}]",别墅,别墅户型,1997-01-17,,1997年,1998年,[],{独栋别墅},独栋别墅,70年,0.66,35%,202,毛坯,,别墅,保利物业,5.5元/㎡/月,,404,1:2,售罄,售罄,售罄,"[""青房注字(城16)第122"", ""青房注字（城16）第123号""]",[],美的置业,,,民电,民水,36.269962,120.336845,"""""","{""56"": ""车位充足"", ""78"": ""大户型"", ""638"": ""民办中学"", ""637"": ""公办中学"", ""636"": ""公办小学"", ""624"": ""九年一贯制"", ""598"": ""民办幼儿园"", ""597"": ""公办幼儿园"", ""55"": ""小型社区""}","[""车位充足"", ""大户型"", ""民办中学"", ""公办中学"", ""公办小学""]",https://pic4.ajkimg.com/display/xinfang/98f67b641e4c75ba0d6c40810360c314/275x206n.jpg,[],青岛市城阳区双元路16号
7010590,瑞宅B区,青岛,30,西海岸新区,3646,滨海大道,5211,青岛西海岸新区滨海大道灵山湾路109号,,,,,87-128㎡,1200000m²,820000m²,"[{""id"": 100882, ""rooms"": 2, ""room_alias"": ""二室"", ""area"": 87}, {""id"": 100881, ""rooms"": 2, ""room_alias"": ""二室"", ""area"": 90}, {""id"": 100880, ""rooms"": 2, ""room_alias"": ""二室"", ""area"": 102}, {""id"": 100879, ""rooms"": 2, ""room_alias"": ""二室"", ""area"": 106}, {""id"": 100869, ""rooms"": 3, ""room_alias"": ""三室"", ""area"": 89}, {""id"": 100877, ""rooms"": 3, ""room_alias"": ""三室"", ""area"": 110}, {""id"": 100876, ""rooms"": 3, ""room_alias"": ""三室"", ""area"": 114}, {""id"": 100875, ""rooms"": 3, ""room_alias"": ""三室"", ""area"": 115}, {""id"": 100873, ""rooms"": 3, ""room_alias"": ""三室"", ""area"": 118}, {""id"": 100874, ""rooms"": 3, ""room_alias"": ""三室"", ""area"": 118}, {""id"": 100871, ""rooms"": 3, ""room_alias"": ""三室"", ""area"": 120}, {""id"": 175214, ""rooms"": 3, ""room_alias"": ""三室"", ""area"": 128.32}]",2/3室,"2室户型,3室户型",1997-07-22,,1997年,1998年,"[""2018-10-29"", ""2018-10-29"", ""2018-10-29""]","{联排别墅,双拼别墅}",联排别墅、双拼别墅,70年,2.5,30%,1512,毛坯,,别墅,招商积余,,,1233,1:0.8,售罄,售罄,售罄,"[""青房注字黄岛（2018）第131"", ""青房注字黄岛（2018）第154"", ""青房注字黄岛（2018）第102"", ""青房注字(2016)第043"", ""青房注字胶南(2015)第051"", ""青房注胶南(2015)第048""]",[],建发,,青岛星海城房地产有限公司,民电,民水,35.891455,120.068755,"""""","{""9"": ""轨交房"", ""10"": ""多轨交"", ""72"": ""配套纯熟"", ""70"": ""银行"", ""69"": ""学校"", ""68"": ""医院"", ""66"": ""公园"", ""65"": ""商业街"", ""78"": ""大户型"", ""637"": ""公办中学"", ""636"": ""公办小学"", ""635"": ""民办小学"", ""598"": ""民办幼儿园"", ""597"": ""公办幼儿园"", ""54"": ""大型社区""}","[""轨交房"", ""多轨交"", ""配套纯熟"", ""银行"", ""学校""]",https://pic4.ajkimg.com/display/xinfang/ece4ac049ee63fdd55135910d8d9c525/275x206n.jpg,"[{""id"": ""7313299"", ""loupan_id"": ""251529"", ""station_id"": ""4409"", ""subway_id"": ""123"", ""city_id"": ""30"", ""distance"": ""925米"", ""status"": ""1"", ""last_update_time"": ""1774212705"", ""is_rail_loupan"": ""1"", ""subway_name"": ""西海岸快线"", ""station_name"": ""两河"", ""distance_raw"": ""925""}, {""id"": ""7315244"", ""loupan_id"": ""251529"", ""station_id"": ""121245"", ""subway_id"": ""12071"", ""city_id"": ""30"", ""distance"": ""1226米"", ""status"": ""1"", ""last_update_time"": ""1774212707"", ""is_rail_loupan"": ""1"", ""subway_name"": ""6号线"", ""station_name"": ""红树林"", ""distance_raw"": ""1226""}]",人民东路1088号
3957015,嘉美好华庭,青岛,30,崂山区,3643,高科园,3696,青岛崂山区高科园崂山辽阳东路8号,,,,,91-152㎡,12468m²,22443m²,"[{""id"": 38490, ""rooms"": 2, ""room_alias"": ""二室"", ""area"": 91.19}, {""id"": 38491, ""rooms"": 2, ""room_alias"": ""二室"", ""area"": 95.38}, {""id"": 38488, ""rooms"": 3, ""room_alias"": ""三室"", ""area"": 108.33}, {""id"": 38489, ""rooms"": 3, ""room_alias"": ""三室"", ""area"": 152.02}]",2/3室,"2室户型,3室户型",1997-08-06,,1997年,1998年,[],"{多层,小高层}",多层、小高层,70年,1.8,40%,210,毛坯,,住宅,万科物业,1.5元/㎡/月,,241,,售罄,售罄,售罄,[],[],中梁,,青岛麦迪绅集团有限公司,民电,民水,36.099141,120.427622,"""""","{""53"": ""高绿化率"", ""52"": ""低容积"", ""9"": ""轨交房"", ""10"": ""多轨交"", ""72"": ""配套纯熟"", ""70"": ""银行"", ""69"": ""学校"", ""68"": ""医院"", ""66"": ""公园"", ""65"": ""商业街"", ""64"": ""购物中心"", ""78"": ""大户型"", ""638"": ""民办中学"", ""637"": ""公办中学"", ""636"": ""公办小学"", ""635"": ""民办小学"", ""624"": ""九年一贯制"", ""599"": ""省级示范园"", ""598"": ""民办幼儿园"", ""597"": ""公办幼儿园"", ""55"": ""小型社区""}","[""高绿化率"", ""低容积"", ""轨交房"", ""多轨交"", ""配套纯熟""]",https://pic4.ajkimg.com/display/xinfang/2615ba776a95716a8a7da21cdfe86b35/275x206n.jpg,"[{""id"": ""7315901"", ""loupan_id"": ""241897"", ""station_id"": ""121188"", ""subway_id"": ""12068"", ""city_id"": ""30"", ""distance"": ""567米"", ""status"": ""1"", ""last_update_time"": ""1774212708"", ""is_rail_loupan"": ""1"", ""subway_name"": ""5号线"", ""station_name"": ""大埠东"", ""distance_raw"": ""567""}, {""id"": ""7314165"", ""loupan_id"": ""241897"", ""station_id"": ""120742"", ""subway_id"": ""12051"", ""city_id"": ""30"", ""distance"": ""592米"", ""status"": ""1"", ""last_update_time"": ""1774212706"", ""is_rail_loupan"": ""1"", ""subway_name"": ""4号线"", ""station_name"": ""大埠东"", ""distance_raw"": ""592""}, {""id"": ""7314189"", ""loupan_id"": ""241897"", ""station_id"": ""120734"", ""subway_id"": ""12051"", ""city_id"": ""30"", ""distance"": ""614米"", ""status"": ""1"", ""last_update_time"": ""1774212706"", ""is_rail_loupan"": ""1"", ""subway_name"": ""4号线"", ""station_name"": ""埠西"", ""distance_raw"": ""614""}, {""id"": ""7315900"", ""loupan_id"": ""241897"", ""station_id"": ""121187"", ""subway_id"": ""12068"", ""city_id"": ""30"", ""distance"": ""1323米"", ""status"": ""1"", ""last_update_time"": ""1774212708"", ""is_rail_loupan"": ""1"", ""subway_name"": ""5号线"", ""station_name"": ""合肥路"", ""distance_raw"": ""1323""}, {""id"": ""7315902"", ""loupan_id"": ""241897"", ""station_id"": ""121189"", ""subway_id"": ""12068"", ""city_id"": ""30"", ""distance"": ""1355米"", ""status"": ""1"", ""last_update_time"": ""1774212708"", ""is_rail_loupan"": ""1"", ""subway_name"": ""5号线"", ""station_name"": ""国信体育馆"", ""distance_raw"": ""1355""}, {""id"": ""7314171"", ""loupan_id"": ""241897"", ""station_id"": ""120747"", ""subway_id"": ""12051"", ""city_id"": ""30"", ""distance"": ""1440米"", ""status"": ""1"", ""last_update_time"": ""1774212706"", ""is_rail_loupan"": ""1"", ""subway_name"": ""4号线"", ""station_name"": ""劲松三路"", ""distance_raw"": ""1440""}]",崂山区辽阳东路8号大埠东(浮山小学东侧)
372946,中铁玉兰居,青岛,30,城阳区,3644,高新区,6139,青岛城阳区高新区龙海路与前海路交汇处（康复大学北侧）,,1965元/㎡,1965元/㎡,首付11万，月供2795元,89-173㎡,住宅：515000m² 别墅：515000m²,住宅：181769.09m² 别墅：181769.09m²,"[{""id"": 771553, ""rooms"": 3, ""room_alias"": ""三室"", ""area"": 89}, {""id"": 771554, ""rooms"": 3, ""room_alias"": ""三室"", ""area"": 119}, {""id"": 771556, ""rooms"": 3, ""room_alias"": ""三室"", ""area"": 133}, {""id"": 771567, ""rooms"": 3, ""room_alias"": ""三室"", ""area"": 150}, {""id"": 771560, ""rooms"": 3, ""room_alias"": ""三室"", ""area"": 165}, {""id"": 771583, ""rooms"": 4, ""room_alias"": ""四室"", ""area"": 173}]",3室、别墅,"3室户型,别墅户型",1997-10-26,2022年10月01日,1997年,1998年,"[""2023-06-14"", ""2023-01-04"", ""2022-09-21""]",别墅,住宅：小高层、花园洋房 别墅：叠加别墅,住宅：70年 别墅：70年,住宅：1.6,住宅：30% 别墅：30%,住宅：670 别墅：670,住宅：毛坯 别墅：毛坯,已竣工，竣工时间：2023-11-30,住宅,绿城服务,住宅：2.29元/㎡/月,,住宅：1290 别墅：1290,,售罄,售罄,售罄,"[""城行审三（2023）409号"", ""城行审三（2022）1246号"", ""城行审三（2022）988号""]","[""12#、13#"", ""2#、3#、4#、11#"", ""1#、5#、6#""]",华润,中国铁建地产,中铁建康养产业发展（青岛）投资有限公司,住宅：民电,住宅：民水,36.213543,120.169755,"""""","{""559"": ""现房"", ""557"": ""项目竣工"", ""52"": ""低容积"", ""76"": ""厨卫全明"", ""74"": ""南北通透"", ""73"": ""卧室全朝南"", ""5"": ""低单价"", ""4"": ""低总价"", ""69"": ""学校"", ""78"": ""大户型"", ""402"": ""玄关入户"", ""401"": ""户型方正"", ""397"": ""动静分离"", ""85"": ""主卧套房"", ""83"": ""双阳台"", ""636"": ""公办小学"", ""597"": ""公办幼儿园"", ""541"": ""3D沙盘"", ""540"": ""日照模拟"", ""263"": ""VR看房"", ""50"": ""品牌开发商""}","[""现房"", ""项目竣工"", ""低容积"", ""厨卫全明"", ""南北通透""]",https://pic4.ajkimg.com/display/xinfang/1cec12a588eae0d6e7c7ccf7e0bf65f0/275x206n.jpg,[],青岛市城阳区龙海路与前海路交汇处（康复大学北侧）
2545101,泰雅居一期,青岛,30,胶州市,3647,胶州,3718,青岛胶州市胶州少海新城湖心岛,,,,,244-268㎡,52000m²,51965m²,[],别墅,别墅户型,1997-08-28,,1997年,1998年,[],高层,独栋别墅、联排别墅、双拼别墅,70年,0.64,45%,112,毛坯,,别墅,华润万象生活,4元/㎡/月,,224,1:2,售罄,售罄,售罄,[],[],中梁,,青岛远拓投资有限公司,民电,民水,36.23254,120.110935,"""""","{""56"": ""车位充足"", ""53"": ""高绿化率"", ""66"": ""公园"", ""78"": ""大户型"", ""637"": ""公办中学"", ""636"": ""公办小学"", ""598"": ""民办幼儿园"", ""597"": ""公办幼儿园"", ""55"": ""小型社区""}","[""车位充足"", ""高绿化率"", ""公园"", ""大户型"", ""公办中学""]",https://pic4.ajkimg.com/display/xinfang/e2c64dade4cd4069bfec643d649e9e13/275x206n.jpg,[],青岛市市南区南京路20号
339411,恒紫金榭,青岛,30,黄岛区,4516,安子片区,5217,青岛黄岛区安子片区长江东路以南滨海大道以北,,,,,105-152㎡,33333m²,84134m²,"[{""id"": 46642, ""rooms"": 1, ""room_alias"": ""一室"", ""area"": 105}, {""id"": 46641, ""rooms"": 1, ""room_alias"": ""一室"", ""area"": 106}, {""id"": 46639, ""rooms"": 1, ""room_alias"": ""一室"", ""area"": 108}, {""id"": 46635, ""rooms"": 1, ""room_alias"": ""一室"", ""area"": 125}, {""id"": 46637, ""rooms"": 2, ""room_alias"": ""二室"", ""area"": 116}, {""id"": 46643, ""rooms"": 2, ""room_alias"": ""二室"", ""area"": 152}]",1/2室,"1室户型,2室户型",1997-12-03,,1997年,1998年,[],{高层},高层,70年,2.56,42%,673,毛坯,,住宅,招商积余,2元/㎡/月,,479,1:0.7,售罄,售罄,售罄,[],[],新城控股,,山东省富源房地产开发有限公司,民电,民水,35.984548,120.233966,"""""","{""53"": ""高绿化率"", ""9"": ""轨交房"", ""63"": ""旅游地产"", ""72"": ""配套纯熟"", ""71"": ""便利店"", ""70"": ""银行"", ""69"": ""学校"", ""68"": ""医院"", ""67"": ""生态绿地"", ""66"": ""公园"", ""65"": ""商业街"", ""64"": ""购物中心"", ""78"": ""大户型"", ""637"": ""公办中学"", ""636"": ""公办小学"", ""599"": ""省级示范园"", ""598"": ""民办幼儿园"", ""597"": ""公办幼儿园""}","[""高绿化率"", ""轨交房"", ""旅游地产"", ""配套纯熟"", ""便利店""]",https://pic4.ajkimg.com/display/xinfang/d3456c04a7a374cf076fa7f1ff110de6/275x206n.jpg,"[{""id"": ""7316036"", ""loupan_id"": ""241855"", ""station_id"": ""120439"", ""subway_id"": ""1045"", ""city_id"": ""30"", ""distance"": ""1212米"", ""status"": ""1"", ""last_update_time"": ""1774212708"", ""is_rail_loupan"": ""1"", ""subway_name"": ""1号线"", ""station_name"": ""天目山"", ""distance_raw"": ""1212""}, {""id"": ""7316494"", ""loupan_id"": ""241855"", ""station_id"": ""120300"", ""subway_id"": ""1045"", ""city_id"": ""30"", ""distance"": ""1354米"", ""status"": ""1"", ""last_update_time"": ""1774212709"", ""is_rail_loupan"": ""1"", ""subway_name"": ""1号线"", ""station_name"": ""安子"", ""distance_raw"": ""1354""}]",开发区滨海大道与嘉陵江东路交汇处（海韵嘉园网点内）
5226187,鲁商梦想台,青岛,30,即墨区,3645,创智新区,17473,青岛即墨区创智新区长广路以东，晓阳路以西，皋虞路以南，适致路以北,,,,,127-147㎡,住宅：60460m² 别墅：60460m²,住宅：131972m² 别墅：131972m²,"[{""id"": 376441, ""rooms"": 3, ""room_alias"": ""三室"", ""area"": 127}, {""id"": 376439, ""rooms"": 3, ""room_alias"": ""三室"", ""area"": 135}, {""id"": 376438, ""rooms"": 3, ""room_alias"": ""三室"", ""area"": 139}, {""id"": 376435, ""rooms"": 4, ""room_alias"": ""四室"", ""area"": 147}]",3/4室,"3室户型,4室户型",1997-12-12,2019年03月18日,1997年,1998年,"[""2019-04-30"", ""2019-01-09"", ""2019-03-12"", ""2018-10-22""]","{叠加别墅,小高层}",住宅：小高层 别墅：叠加别墅,住宅：70年 别墅：70年,住宅：1.5 别墅：1.5,住宅：30% 别墅：30%,住宅：582 别墅：582,"住宅：毛坯,带装修 别墅：毛坯,带装修",,住宅,世茂服务,住宅：2.8元/㎡/月 别墅：2.8元/㎡/月,,住宅：875 别墅：875,住宅：1:1.5 别墅：1:1.5,售罄,售罄,售罄,"[""即房注字(2019)第032号"", ""即房注字(2018)第107号"", ""即房注字(2019)第004号"", ""即房注字(2018)第077号""]","[""10#、11#、12#"", ""14#"", ""5#、6#"", ""15#、16#、17#、18#、19#""]",世茂,鲁商置业,鲁商集团,住宅：民电,住宅：民水,36.440155,120.55965,"""""","{""559"": ""现房"", ""81"": ""大阳台"", ""56"": ""车位充足"", ""29"": ""装修交付"", ""76"": ""厨卫全明"", ""75"": ""三房朝南"", ""74"": ""南北通透"", ""78"": ""大户型"", ""402"": ""玄关入户"", ""401"": ""户型方正"", ""85"": ""主卧套房"", ""82"": ""双卫生间"", ""637"": ""公办中学"", ""636"": ""公办小学"", ""598"": ""民办幼儿园"", ""597"": ""公办幼儿园"", ""263"": ""VR看房"", ""50"": ""品牌开发商""}","[""现房"", ""大阳台"", ""车位充足"", ""装修交付"", ""厨卫全明""]",https://pic4.ajkimg.com/display/xinfang/c661893c1f6803aafc9144d498357aac/275x206n.jpg,[],即墨创智新区长广路与皋虞路交汇
9929691,中谷,青岛,30,莱西市,3648,莱西,3720,青岛莱西市莱西上海西路22号,,,,,87-133㎡,190000m²,260000m²,"[{""id"": 378025, ""rooms"": 2, ""room_alias"": ""二室"", ""area"": 87}, {""id"": 341926, ""rooms"": 3, ""room_alias"": ""三室"", ""area"": 97}, {""id"": 378098, ""rooms"": 3, ""room_alias"": ""三室"", ""area"": 108}, {""id"": 341935, ""rooms"": 3, ""room_alias"": ""三室"", ""area"": 112}, {""id"": 341941, ""rooms"": 4, ""room_alias"": ""四室"", ""area"": 133}]",2/3/4室,"2室户型,3室户型,4室户型",1997-05-04,2018年05月20日,1997年,1998年,"[""2018-06-26"", ""2018-08-21"", ""2018-05-24"", ""2018-05-24"", ""2018-04-28"", ""2018-01-31"", ""2017-12-28""]","{多层,花园洋房}",多层、花园洋房,70年,1.2,31%,2110,毛坯,,住宅,华润万象生活,0.6元/㎡/月,,636,1:0.3,售罄,售罄,售罄,"[""西房注字(2018)027"", ""西房注字(2018)036"", ""西房注字(2018)020"", ""西房注字(2018)019"", ""西房注字(2018)012"", ""西房注字(2018)008号"", ""西房注字(2017)041""]","[""六区26# 六区27# 六区28# 六区29#"", ""8#、18#"", ""六区15# 六区16# 六区17# 六区18# 六区19# 六区20#"", ""五区12# 五区9#"", ""五区1# 五区20# 五区23# 五区29#"", ""五区10# 五区13# 五区21#"", ""1# 10# 11# 12# 2# 3# 4# 5# 8# 9#""]",阳光城,,青岛达圣房地产开发有限公司,民电,民水,36.885031,120.494815,"""""","{""559"": ""现房"", ""52"": ""低容积"", ""638"": ""民办中学"", ""637"": ""公办中学"", ""636"": ""公办小学"", ""598"": ""民办幼儿园"", ""597"": ""公办幼儿园"", ""263"": ""VR看房"", ""54"": ""大型社区""}","[""现房"", ""低容积"", ""民办中学"", ""公办中学"", ""公办小学""]",https://pic4.ajkimg.com/display/xinfang/675f638cdc02994e7b151cc59608f128/275x206n.jpg,[],莱西市上海西路22号
4077998,翠红树美景,青岛,30,即墨区,3645,创智新区,17473,青岛即墨区创智新区文化路与泰山一路交汇处（原华龙包装地块）,,,,,97-131㎡,173000m²,290000m²,"[{""id"": 261160, ""rooms"": 3, ""room_alias"": ""三室"", ""area"": 97}, {""id"": 304962, ""rooms"": 3, ""room_alias"": ""三室"", ""area"": 105}, {""id"": 304963, ""rooms"": 3, ""room_alias"": ""三室"", ""area"": 108}, {""id"": 417815, ""rooms"": 3, ""room_alias"": ""三室"", ""area"": 108}, {""id"": 304964, ""rooms"": 3, ""room_alias"": ""三室"", ""area"": 110}, {""id"": 372296, ""rooms"": 3, ""room_alias"": ""三室"", ""area"": 111}, {""id"": 417818, ""rooms"": 3, ""room_alias"": ""三室"", ""area"": 111}, {""id"": 304965, ""rooms"": 3, ""room_alias"": ""三室"", ""area"": 115}, {""id"": 417814, ""rooms"": 3, ""room_alias"": ""三室"", ""area"": 115}, {""id"": 417793, ""rooms"": 3, ""room_alias"": ""三室"", ""area"": 131}]",3室,3室户型,1997-07-18,,1997年,1998年,"[""2018-11-07"", ""2018-11-07"", ""2018-11-07"", ""2018-07-03"", ""2018-08-17"", ""2018-08-17""]","{小高层,花园洋房}",小高层、花园洋房,70年,1.5,35%,2458,毛坯,,住宅,招商积余,2.6元/㎡/月,,2606,1:1,售罄,售罄,售罄,"[""即房注字(2018)第071号"", ""即房注字(2019)第034号"", ""即房注字(2018)第090号"", ""即房(2018)注字036"", ""即房(2018)注字052"", ""即房(2018)注字046""]","[""16#、15#"", ""9#"", ""5#"", ""1# 2# 3# 4#"", ""10# 11# 13#"", ""5# 6# 7# 8#""]",阳光城,,海信地产,民电,民水,36.417534,120.203993,"""""","{""81"": ""大阳台"", ""52"": ""低容积"", ""76"": ""厨卫全明"", ""75"": ""三房朝南"", ""74"": ""南北通透"", ""78"": ""大户型"", ""401"": ""户型方正"", ""83"": ""双阳台"", ""82"": ""双卫生间"", ""637"": ""公办中学"", ""636"": ""公办小学"", ""598"": ""民办幼儿园"", ""597"": ""公办幼儿园"", ""263"": ""VR看房"", ""54"": ""大型社区""}","[""大阳台"", ""低容积"", ""厨卫全明"", ""三房朝南"", ""南北通透""]",https://pic4.ajkimg.com/display/xinfang/00b23bfbfcf5a812ce8795227ac6a871/275x206n.jpg,[],鹤山路226号景瑞名都海信信特城接待中心
4144630,我家桃源阁,青岛,30,西海岸新区,3646,珠山路,5208,青岛西海岸新区珠山路大珠山中路西海岸汽车总站东北300米,,,,,79-90㎡,54177m²,171849.9m²,"[{""id"": 135214, ""rooms"": 2, ""room_alias"": ""二室"", ""area"": 79}, {""id"": 135215, ""rooms"": 2, ""room_alias"": ""二室"", ""area"": 79}, {""id"": 205611, ""rooms"": 3, ""room_alias"": ""三室"", ""area"": 90}]",2/3室,"2室户型,3室户型",1997-01-03,,1997年,1998年,[],{高层},高层,70年,2.6,30%,1503,毛坯,,住宅,保利物业,1.6元/㎡/月,,1503,1:1,售罄,售罄,售罄,"[""青房注字黄岛(2016)第115"", ""青房注字青开(2015)第053""]",[],中铁建,,,民电,民水,35.903866,120.039797,"""""","{""72"": ""配套纯熟"", ""70"": ""银行"", ""69"": ""学校"", ""68"": ""医院"", ""65"": ""商业街"", ""64"": ""购物中心"", ""637"": ""公办中学"", ""636"": ""公办小学"", ""598"": ""民办幼儿园"", ""597"": ""公办幼儿园"", ""54"": ""大型社区""}","[""配套纯熟"", ""银行"", ""学校"", ""医院"", ""商业街""]",https://pic4.ajkimg.com/display/xinfang/dc71dfed051e7ed852398439385a4602/275x206n.jpg,[],大珠山中路西海岸汽车总站东北300米
2980990,万邸三期,青岛,30,城阳区,3644,高新区,6139,青岛城阳区高新区锦宏东路133号,,,,,69-105㎡,15424m²,100184m²,"[{""id"": 41561, ""rooms"": 2, ""room_alias"": ""二室"", ""area"": 69}, {""id"": 50766, ""rooms"": 2, ""room_alias"": ""二室"", ""area"": 85}, {""id"": 50763, ""rooms"": 2, ""room_alias"": ""二室"", ""area"": 88}, {""id"": 50764, ""rooms"": 2, ""room_alias"": ""二室"", ""area"": 89}, {""id"": 50765, ""rooms"": 2, ""room_alias"": ""二室"", ""area"": 91}, {""id"": 41559, ""rooms"": 3, ""room_alias"": ""三室"", ""area"": 89}, {""id"": 41560, ""rooms"": 3, ""room_alias"": ""三室"", ""area"": 103}, {""id"": 50762, ""rooms"": 3, ""room_alias"": ""三室"", ""area"": 105}]",2/3室,"2室户型,3室户型",1997-06-12,,1997年,1998年,[],"{多层,高层}",多层、高层,70年,1.56,39%,713,毛坯,,住宅,碧桂园服务,0.6~1元/㎡/月,,702,1:1,售罄,售罄,售罄,[],[],大华,,青岛坤润房地产有限公司,民电,民水,36.361855,120.25658,"""""","{""53"": ""高绿化率"", ""52"": ""低容积"", ""9"": ""轨交房"", ""72"": ""配套纯熟"", ""70"": ""银行"", ""69"": ""学校"", ""68"": ""医院"", ""65"": ""商业街"", ""64"": ""购物中心"", ""79"": ""小户型"", ""637"": ""公办中学"", ""636"": ""公办小学"", ""635"": ""民办小学"", ""598"": ""民办幼儿园"", ""597"": ""公办幼儿园""}","[""高绿化率"", ""低容积"", ""轨交房"", ""配套纯熟"", ""银行""]",https://pic4.ajkimg.com/display/xinfang/6ff7f7f258fb605ca1ac381cd0f524be/275x206n.jpg,"[{""id"": ""7314370"", ""loupan_id"": ""241852"", ""station_id"": ""121224"", ""subway_id"": ""12070"", ""city_id"": ""30"", ""distance"": ""1310米"", ""status"": ""1"", ""last_update_time"": ""1774212706"", ""is_rail_loupan"": ""1"", ""subway_name"": ""15号线"", ""station_name"": ""锦盛二路"", ""distance_raw"": ""1310""}]",项目西侧200米，四方机车厂斜对面
4605271,世世纪嘉园,青岛,30,平度市,3649,平度,3722,青岛平度市平度澳门路与经四路交汇处（北部医疗中心北侧）,,,,,,177000m²,,[],,,1997-01-07,,1997年,1998年,"[""2018-09-12"", ""2018-07-19""]","{小高层,花园洋房}",小高层、花园洋房,70年,2,30%,,毛坯,,住宅,万科物业,2.5元/㎡/月,,,,售罄,售罄,售罄,"[""青房注字青黄(2018)第036"", ""平房注字(2018)699"", ""平房注字(2018)679"", ""平房注字(2018)672""]","[""15#、16#"", ""11#-14#"", ""1#-10#""]",雅居乐,,,民电,民水,36.746467,120.016598,"{""service_num"": ""4006708287"", ""num"": """"}","{""637"": ""公办中学"", ""636"": ""公办小学"", ""598"": ""民办幼儿园"", ""597"": ""公办幼儿园""}","[""公办中学"", ""公办小学"", ""民办幼儿园"", ""公办幼儿园""]",https://pic4.ajkimg.com/display/xinfang/163d46a1c4ca3e8657a1b53f27ba254e/275x206n.jpg,[],澳门路与经四路交汇处（北部医疗中心北侧）
6726225,开元盛世豪庭,青岛,30,平度市,3649,平度,3722,青岛平度市平度杭州路与朝阳路交汇处（开元城·开元盛景南门）,,,,,90-110㎡,38000m²,74200m²,"[{""id"": 299996, ""rooms"": 3, ""room_alias"": ""三室"", ""area"": 90}, {""id"": 299992, ""rooms"": 3, ""room_alias"": ""三室"", ""area"": 110}]",3室,3室户型,1997-06-11,,1997年,1998年,[],"{多层,小高层}",多层、小高层,,1.84,35%,454,毛坯,,住宅,雅生活服务,,,232,1:02:00,售罄,售罄,售罄,"[""青房注字 第624号""]",[],中海,,,民电,民水,36.7593,119.983682,"""""","{""52"": ""低容积"", ""69"": ""学校"", ""78"": ""大户型"", ""638"": ""民办中学"", ""637"": ""公办中学"", ""636"": ""公办小学"", ""635"": ""民办小学"", ""598"": ""民办幼儿园"", ""597"": ""公办幼儿园""}","[""低容积"", ""学校"", ""大户型"", ""民办中学"", ""公办中学""]",https://pic4.ajkimg.com/display/xinfang/dd1a12b17a8ebaf25260fdc4709d6d1e/275x206n.jpg,[],平度市杭州路与朝阳路交汇处（开元城·开元盛景南门）
9474862,宏里B区,青岛,30,莱西市,3648,莱西,3720,青岛莱西市莱西杭州南路18号,,,,,85-144㎡,26000m²,65000m²,"[{""id"": 145752, ""rooms"": 2, ""room_alias"": ""二室"", ""area"": 85}, {""id"": 144876, ""rooms"": 2, ""room_alias"": ""二室"", ""area"": 90}, {""id"": 261408, ""rooms"": 2, ""room_alias"": ""二室"", ""area"": 144}]",2室,2室户型,1997-11-07,,1997年,1998年,[],"{多层,小高层}",多层、小高层,70年,2.5,30%,208,毛坯,,住宅,合景悠活,0.5~1元/㎡/月,,169,1:0.8,售罄,售罄,售罄,"[""西房住字(2013)020""]",[],中海,,青岛豪丰置业有限公司,民电,民水,36.861176,120.541497,"""""","{""72"": ""配套纯熟"", ""70"": ""银行"", ""69"": ""学校"", ""68"": ""医院"", ""66"": ""公园"", ""65"": ""商业街"", ""64"": ""购物中心"", ""78"": ""大户型"", ""637"": ""公办中学"", ""636"": ""公办小学"", ""599"": ""省级示范园"", ""598"": ""民办幼儿园"", ""597"": ""公办幼儿园"", ""55"": ""小型社区""}","[""配套纯熟"", ""银行"", ""学校"", ""医院"", ""公园""]",https://pic4.ajkimg.com/display/xinfang/fa874835a2ddebf96f4f53260720079f/275x206n.jpg,[],莱西杭州路与石岛东路交汇处
8025751,碧康城湾,青岛,30,黄岛区,4516,安子片区,5217,青岛黄岛区安子片区开发区嘉陵江西路北侧，武当山路东侧，东邻井冈山路,,,,,,30737m²,75000m²,[],,,1997-04-14,,1997年,1998年,[],{多层},多层,70年,2.44,40%,696,毛坯,,住宅,中海物业,1.5元/㎡/月,,,,售罄,售罄,售罄,[],[],朗诗,,,民电,民水,35.978277,120.170484,"""""","{""53"": ""高绿化率"", ""9"": ""轨交房"", ""72"": ""配套纯熟"", ""71"": ""便利店"", ""70"": ""银行"", ""69"": ""学校"", ""68"": ""医院"", ""67"": ""生态绿地"", ""66"": ""公园"", ""65"": ""商业街"", ""64"": ""购物中心"", ""638"": ""民办中学"", ""637"": ""公办中学"", ""636"": ""公办小学"", ""598"": ""民办幼儿园"", ""597"": ""公办幼儿园""}","[""高绿化率"", ""轨交房"", ""配套纯熟"", ""便利店"", ""银行""]",https://pic4.ajkimg.com/display/xinfang/83bcee3bb223f8cbaf31d2fd3008683c/275x206n.jpg,"[{""id"": ""7313899"", ""loupan_id"": ""241943"", ""station_id"": ""4401"", ""subway_id"": ""123"", ""city_id"": ""30"", ""distance"": ""479米"", ""status"": ""1"", ""last_update_time"": ""1774212705"", ""is_rail_loupan"": ""1"", ""subway_name"": ""西海岸快线"", ""station_name"": ""嘉陵江路"", ""distance_raw"": ""479""}, {""id"": ""7313898"", ""loupan_id"": ""241943"", ""station_id"": ""4402"", ""subway_id"": ""123"", ""city_id"": ""30"", ""distance"": ""902米"", ""status"": ""1"", ""last_update_time"": ""1774212705"", ""is_rail_loupan"": ""1"", ""subway_name"": ""西海岸快线"", ""station_name"": ""香江路"", ""distance_raw"": ""902""}]",开发区武当山路22号澳龙花园对面
5283535,奥园红树新城,青岛,30,黄岛区,4516,长江路,5213,青岛黄岛区长江路香江路与五台山路交汇处（运海城东侧）,,,,,45-63㎡,23618m²,109733m²,"[{""id"": 606286, ""rooms"": 2, ""room_alias"": ""二室"", ""area"": 45}, {""id"": 606288, ""rooms"": 2, ""room_alias"": ""二室"", ""area"": 52}, {""id"": 606290, ""rooms"": 2, ""room_alias"": ""二室"", ""area"": 63}]",2室,商业户型,1997-10-19,2019年03月28日,1997年,1998年,[],{高层},高层,50年,3.5,30%,374,带装修,,商业,融创服务,4.2元/㎡/月,,,,售罄,售罄,售罄,"[""青房注字青黄（2018)第121号""]","[""6#""]",阳光城,奥园集团,,商电,商水,35.992554,120.196278,"""""","{""559"": ""现房"", ""77"": ""复式"", ""29"": ""装修交付"", ""9"": ""轨交房"", ""10"": ""多轨交"", ""84"": ""双厨房"", ""82"": ""双卫生间"", ""280"": ""商圈热盘"", ""279"": ""品质好房"", ""278"": ""高性价比"", ""98"": ""改善置业"", ""97"": ""刚需直选"", ""50"": ""品牌开发商""}","[""现房"", ""复式"", ""装修交付"", ""轨交房"", ""多轨交""]",https://pic4.ajkimg.com/display/xinfang/df5db7a5e93802d44631155b95d4ecb1/275x206n.jpg,"[{""id"": ""7315123"", ""loupan_id"": ""482471"", ""station_id"": ""4401"", ""subway_id"": ""123"", ""city_id"": ""30"", ""distance"": ""1110米"", ""status"": ""1"", ""last_update_time"": ""1774212707"", ""is_rail_loupan"": ""1"", ""subway_name"": ""西海岸快线"", ""station_name"": ""嘉陵江路"", ""distance_raw"": ""1110""}, {""id"": ""7314072"", ""loupan_id"": ""482471"", ""station_id"": ""121256"", ""subway_id"": ""12071"", ""city_id"": ""30"", ""distance"": ""1202米"", ""status"": ""1"", ""last_update_time"": ""1774212706"", ""is_rail_loupan"": ""1"", ""subway_name"": ""6号线"", ""station_name"": ""钱塘江路(青职学院)"", ""distance_raw"": ""1202""}]",黄岛区西海岸新区香江路与五台山路交汇处（运海城东侧）
9731930,翠墅三期,青岛,30,崂山区,3643,汽车东站,5200,青岛崂山区汽车东站文岭路5号,,,,,80㎡,18303m²,100000m²,[],,商业户型,1997-12-15,,1997年,1998年,[],{},,40年,,27%,,毛坯,,标准写字楼,新城悦服务,8.94元/㎡/月,,,,售罄,售罄,售罄,[],[],雅居乐,,,商电,商水,36.129188,120.476718,"""""","{""9"": ""轨交房"", ""10"": ""多轨交"", ""71"": ""便利店"", ""70"": ""银行""}","[""轨交房"", ""多轨交"", ""便利店"", ""银行""]",https://pic4.ajkimg.com/display/xinfang/5eda1116aa024d545a1f4807480fb49a/275x206n.jpg,"[{""id"": ""7314579"", ""loupan_id"": ""413112"", ""station_id"": ""4489"", ""subway_id"": ""126"", ""city_id"": ""30"", ""distance"": ""554米"", ""status"": ""1"", ""last_update_time"": ""1774212706"", ""is_rail_loupan"": ""1"", ""subway_name"": ""2号线"", ""station_name"": ""辽阳东路"", ""distance_raw"": ""554""}, {""id"": ""7315410"", ""loupan_id"": ""413112"", ""station_id"": ""120741"", ""subway_id"": ""12051"", ""city_id"": ""30"", ""distance"": ""565米"", ""status"": ""1"", ""last_update_time"": ""1774212707"", ""is_rail_loupan"": ""1"", ""subway_name"": ""4号线"", ""station_name"": ""辽阳东路"", ""distance_raw"": ""565""}, {""id"": ""7314577"", ""loupan_id"": ""413112"", ""station_id"": ""4488"", ""subway_id"": ""126"", ""city_id"": ""30"", ""distance"": ""664米"", ""status"": ""1"", ""last_update_time"": ""1774212706"", ""is_rail_loupan"": ""1"", ""subway_name"": ""2号线"", ""station_name"": ""同安路"", ""distance_raw"": ""664""}]",青岛市崂山区文岭路5号
7146751,碧银河阁,青岛,30,胶州市,3647,胶州,3718,青岛胶州市胶州胶州市福州南路97号,,,,,87-121㎡,78619m²,340048m²,"[{""id"": 140306, ""rooms"": 2, ""room_alias"": ""二室"", ""area"": 87}, {""id"": 140307, ""rooms"": 3, ""room_alias"": ""三室"", ""area"": 108}, {""id"": 140309, ""rooms"": 3, ""room_alias"": ""三室"", ""area"": 121}]",2/3室,"2室户型,3室户型",1997-11-18,,1997年,1998年,"[""2014-04-29""]","{小高层,高层}",小高层、高层,70年,3.5,40%,512,"毛坯,带装修",,住宅,龙湖智慧服务,1.4元/㎡/月,,2016,1:4,售罄,售罄,售罄,"[""青房注字(胶州)第2014049""]","[""4#、7#、8#""]",旭辉,,宝龙集团发展有限公司,民电,民水,36.280357,120.02523,"{""service_num"": ""4006708287"", ""num"": """"}","{""56"": ""车位充足"", ""53"": ""高绿化率"", ""29"": ""装修交付"", ""72"": ""配套纯熟"", ""71"": ""便利店"", ""70"": ""银行"", ""69"": ""学校"", ""68"": ""医院"", ""66"": ""公园"", ""65"": ""商业街"", ""64"": ""购物中心"", ""78"": ""大户型"", ""637"": ""公办中学"", ""636"": ""公办小学"", ""598"": ""民办幼儿园"", ""597"": ""公办幼儿园""}","[""车位充足"", ""高绿化率"", ""装修交付"", ""配套纯熟"", ""便利店""]",https://pic4.ajkimg.com/display/xinfang/3abe5c379fda1c959b886458290a41ae/275x206n.jpg,[],青岛胶州新城区福州南路97号
4874958,保利桃源公寓,青岛,30,西海岸新区,3646,滨海大道,5211,青岛西海岸新区滨海大道东岳东路3777号,,2679元/㎡,2679元/㎡,首付22万，月供5268元,105-165㎡,92338m²,265581m²,"[{""id"": 482942, ""rooms"": 3, ""room_alias"": ""三室"", ""area"": 105}, {""id"": 838793, ""rooms"": 3, ""room_alias"": ""三室"", ""area"": 107}, {""id"": 482941, ""rooms"": 3, ""room_alias"": ""三室"", ""area"": 117}, {""id"": 838794, ""rooms"": 3, ""room_alias"": ""三室"", ""area"": 120}, {""id"": 838795, ""rooms"": 4, ""room_alias"": ""四室"", ""area"": 140}, {""id"": 529115, ""rooms"": 4, ""room_alias"": ""四室"", ""area"": 143}, {""id"": 529119, ""rooms"": 4, ""room_alias"": ""四室"", ""area"": 165}]",3/4室,"3室户型,4室户型",1997-01-09,2019年07月21日,1997年,1998年,"[""2021-06-22"", ""2019-07-18"", ""2019-09-09"", ""2019-09-03"", ""2019-10-11"", ""2019-10-10"", ""2019-12-05"", ""2020-06-02"", ""2020-12-02"", ""2021-03-23"", ""2021-05-19""]","{小高层,高层}",小高层、高层,70年,2.88,30%,2114,毛坯,已竣工，竣工时间：暂无数据,住宅,合景悠活,2.7元/㎡/月,,2777,1:1.2,售罄,售罄,售罄,"[""青房注字青黄2021第116号"", ""青房注字青黄2019第086号"", ""青房注字青黄（2019）第122号"", ""青房注字青黄（2019）第114号"", ""青房注字青黄19157号"", ""青房注字青黄2019第151号"", ""青房注字青黄（2019）第225号"", ""青房注字青黄20084号"", ""青房注字青黄（2020）第297号"", ""青房注字青黄2021第031号"", ""青房注字青黄（2021）第085号""]","[""15#"", ""11#、16#、6#"", ""7#"", ""8#"", ""9#、12#"", ""17#"", ""13#、19#"", ""18#"", ""10#、20#"", ""21#、23#"", ""25#、26#""]",仁恒,保利集团,青岛源诚西海岸置业有限公司,民电,民水,35.90111,120.076178,"{""service_num"": ""4006708287"", ""num"": ""20174""}","{""557"": ""项目竣工"", ""56"": ""车位充足"", ""9"": ""轨交房"", ""76"": ""厨卫全明"", ""74"": ""南北通透"", ""73"": ""卧室全朝南"", ""10"": ""多轨交"", ""276"": ""一房一价"", ""5"": ""低单价"", ""4"": ""低总价"", ""71"": ""便利店"", ""70"": ""银行"", ""78"": ""大户型"", ""404"": ""客餐厅相连"", ""403"": ""私密性好"", ""402"": ""玄关入户"", ""401"": ""户型方正"", ""397"": ""动静分离"", ""85"": ""主卧套房"", ""82"": ""双卫生间"", ""91"": ""热评楼盘"", ""638"": ""民办中学"", ""637"": ""公办中学"", ""636"": ""公办小学"", ""635"": ""民办小学"", ""598"": ""民办幼儿园"", ""597"": ""公办幼儿园"", ""540"": ""日照模拟"", ""263"": ""VR看房"", ""54"": ""大型社区"", ""50"": ""品牌开发商""}","[""项目竣工"", ""车位充足"", ""轨交房"", ""厨卫全明"", ""南北通透""]",https://pic4.ajkimg.com/display/xinfang/6dc167e0484c90da9d4f80bdf635a034/275x206n.jpg,"[{""id"": ""7167961"", ""loupan_id"": ""452630"", ""station_id"": ""4409"", ""subway_id"": ""123"", ""city_id"": ""30"", ""distance"": ""552米"", ""status"": ""1"", ""last_update_time"": ""1774212706"", ""is_rail_loupan"": ""1"", ""subway_name"": ""西海岸快线"", ""station_name"": ""两河"", ""distance_raw"": ""552""}, {""id"": ""7275060"", ""loupan_id"": ""452630"", ""station_id"": ""121246"", ""subway_id"": ""12071"", ""city_id"": ""30"", ""distance"": ""1494米"", ""status"": ""1"", ""last_update_time"": ""1774212708"", ""is_rail_loupan"": ""1"", ""subway_name"": ""6号线"", ""station_name"": ""灵山湾"", ""distance_raw"": ""1494""}]",青岛市胶南市东岳中路3777号
367259,紫洲一期,青岛,30,崂山区,3643,高科园,3696,青岛崂山区高科园天水路2号,,,,,190-439㎡,别墅：45724m² 住宅：45724m²,别墅：81796m² 住宅：81796m²,"[{""id"": 198582, ""rooms"": 2, ""room_alias"": ""二室"", ""area"": 194}, {""id"": 198578, ""rooms"": 2, ""room_alias"": ""二室"", ""area"": 257}, {""id"": 198573, ""rooms"": 3, ""room_alias"": ""三室"", ""area"": 190}, {""id"": 144683, ""rooms"": 3, ""room_alias"": ""三室"", ""area"": 318}, {""id"": 144685, ""rooms"": 4, ""room_alias"": ""四室"", ""area"": 294}, {""id"": 198562, ""rooms"": 4, ""room_alias"": ""四室"", ""area"": 439}]",2/3/4室、别墅,"2室户型,3室户型,4室户型,别墅户型",1997-07-11,2013年07月07日,1997年,1998年,"[""2013-06-30""]",小高层,别墅：独栋别墅、联排别墅、叠加别墅 住宅：花园洋房,别墅：40年 住宅：40年,别墅：1.2 住宅：1.2,别墅：40% 住宅：40%,别墅：101 住宅：101,别墅：毛坯 住宅：毛坯,,别墅,旭辉永升,别墅：2.9元/㎡/月,,别墅：541 住宅：541,别墅：1:5.36 住宅：1:5.36,售罄,售罄,售罄,"[""青房注字(崂)2013第004号""]","[""1#、3#、4#、5#、6#、7#、8#、9#、10#、11#、12#""]",朗诗,,青岛金谷旅游发展有限公司,别墅：民电,别墅：民水,36.204954,120.521271,"{""service_num"": ""4006708287"", ""num"": """"}","{""559"": ""现房"", ""81"": ""大阳台"", ""56"": ""车位充足"", ""53"": ""高绿化率"", ""52"": ""低容积"", ""9"": ""轨交房"", ""76"": ""厨卫全明"", ""74"": ""南北通透"", ""10"": ""多轨交"", ""72"": ""配套纯熟"", ""70"": ""银行"", ""69"": ""学校"", ""68"": ""医院"", ""66"": ""公园"", ""65"": ""商业街"", ""64"": ""购物中心"", ""78"": ""大户型"", ""86"": ""全景飘窗"", ""85"": ""主卧套房"", ""82"": ""双卫生间"", ""636"": ""公办小学"", ""598"": ""民办幼儿园"", ""597"": ""公办幼儿园"", ""55"": ""小型社区""}","[""现房"", ""大阳台"", ""车位充足"", ""高绿化率"", ""低容积""]",https://pic4.ajkimg.com/display/xinfang/af56aed86118e3ea994da1ebd56e111c/275x206n.jpg,"[{""id"": ""7316122"", ""loupan_id"": ""383122"", ""station_id"": ""121235"", ""subway_id"": ""126"", ""city_id"": ""30"", ""distance"": ""1243米"", ""status"": ""1"", ""last_update_time"": ""1774212708"", ""is_rail_loupan"": ""1"", ""subway_name"": ""2号线"", ""station_name"": ""世博园"", ""distance_raw"": ""1243""}, {""id"": ""7315829"", ""loupan_id"": ""383122"", ""station_id"": ""4386"", ""subway_id"": ""122"", ""city_id"": ""30"", ""distance"": ""1387米"", ""status"": ""1"", ""last_update_time"": ""1774212708"", ""is_rail_loupan"": ""1"", ""subway_name"": ""蓝谷快线"", ""station_name"": ""世博园"", ""distance_raw"": ""1387""}]",青岛市崂山区天水路2号
8736718,御紫金邸,青岛,30,西海岸新区,3646,滨海大道,5211,青岛西海岸新区滨海大道灵山湾路与水城路交汇处,,,,,,别墅：820000m² 住宅：820000m²,别墅：1200000m² 住宅：1200000m²,[],,,1997-08-15,,1997年,1998年,"[""2018-01-25"", ""2017-11-20"", ""2018-10-18""]","{联排别墅,双拼别墅,花园洋房}",别墅：联排别墅、双拼别墅 住宅：花园洋房,别墅：70年 住宅：70年,别墅：1.01 住宅：1.01,别墅：35% 住宅：35%,别墅：106 住宅：106,别墅：毛坯 住宅：毛坯,,别墅,新城悦服务,别墅：4.59元/㎡/月 住宅：2.38元/㎡/月,,别墅：170 住宅：170,别墅：1:1.6 住宅：1:1.6,售罄,售罄,售罄,"[""青房注字黄岛(2018)第004"", ""青黄注字青黄(2017)第132"", ""青房注字青黄18第102号""]","[""10#、11#、17#""]",绿城,,青岛银盛泰泰德置业有限公司,别墅：民电,别墅：民水,35.890571,120.063179,"""""","{""56"": ""车位充足"", ""71"": ""便利店"", ""637"": ""公办中学"", ""636"": ""公办小学"", ""635"": ""民办小学"", ""598"": ""民办幼儿园"", ""597"": ""公办幼儿园"", ""55"": ""小型社区""}","[""车位充足"", ""便利店"", ""公办中学"", ""公办小学"", ""民办小学""]",https://pic4.ajkimg.com/display/xinfang/423eb1049463a64a411a587fad2e784f/275x206n.jpg,[],西海岸新区隐珠街道灵山湾路与水城路交汇处
8796062,山河西岸家,青岛,30,李沧区,3642,九水路,5197,青岛李沧区九水路惠水路618号丙,,,,,,30224.4m²,80284.28m²,[],,,1997-12-14,2018年10月01日,1997年,1998年,[],{},,40年,,35%,610,毛坯,,社区底商,龙湖智慧服务,,,549,1:0.9,售罄,售罄,售罄,[],[],恒大,,青岛嘉合置业有限公司,商电,商水,36.182115,120.466368,"""""","{""71"": ""便利店"", ""68"": ""医院"", ""66"": ""公园"", ""216"": ""社区底商""}","[""便利店"", ""医院"", ""公园"", ""社区底商""]",https://pic4.ajkimg.com/display/xinfang/034255a9df9aed12b6ee8594c6b03365/275x206n.jpg,[],李沧区惠水路与合川路交汇处
8294028,银景,青岛,30,崂山区,3643,海尔路,3697,青岛崂山区海尔路香港东路与青大三路交汇,,,,,136-165㎡,26920m²,94758m²,"[{""id"": 99504, ""rooms"": 3, ""room_alias"": ""三室"", ""area"": 136}, {""id"": 99505, ""rooms"": 3, ""room_alias"": ""三室"", ""area"": 140}, {""id"": 99507, ""rooms"": 3, ""room_alias"": ""三室"", ""area"": 165}, {""id"": 99509, ""rooms"": 3, ""room_alias"": ""三室"", ""area"": 165}]",3室,3室户型,1997-05-03,,1997年,1998年,[],洋房,小高层,70年,2.63,41%,272,毛坯,,住宅,世茂服务,3元/㎡/月,,646,,售罄,售罄,售罄,[],[],远洋,,保利地产,民电,民水,36.092022,120.459107,"{""service_num"": ""4006708287"", ""num"": """"}","{""53"": ""高绿化率"", ""9"": ""轨交房"", ""72"": ""配套纯熟"", ""71"": ""便利店"", ""70"": ""银行"", ""69"": ""学校"", ""68"": ""医院"", ""66"": ""公园"", ""65"": ""商业街"", ""78"": ""大户型"", ""638"": ""民办中学"", ""637"": ""公办中学"", ""636"": ""公办小学"", ""635"": ""民办小学"", ""598"": ""民办幼儿园"", ""597"": ""公办幼儿园"", ""55"": ""小型社区""}","[""高绿化率"", ""轨交房"", ""配套纯熟"", ""便利店"", ""银行""]",https://pic4.ajkimg.com/display/xinfang/880d9a2dc591a97ee1489cfb2aa3fc19/275x206n.jpg,"[{""id"": ""7314875"", ""loupan_id"": ""251306"", ""station_id"": ""4483"", ""subway_id"": ""126"", ""city_id"": ""30"", ""distance"": ""589米"", ""status"": ""1"", ""last_update_time"": ""1774212707"", ""is_rail_loupan"": ""1"", ""subway_name"": ""2号线"", ""station_name"": ""海游路"", ""distance_raw"": ""589""}, {""id"": ""7314874"", ""loupan_id"": ""251306"", ""station_id"": ""4484"", ""subway_id"": ""126"", ""city_id"": ""30"", ""distance"": ""645米"", ""status"": ""1"", ""last_update_time"": ""1774212707"", ""is_rail_loupan"": ""1"", ""subway_name"": ""2号线"", ""station_name"": ""海川路"", ""distance_raw"": ""645""}]",青岛市崂山区香港东路与青大三路交汇
875756,雅黄金公寓,青岛,30,市北区,3640,山东路,5185,青岛市北区山东路广昌路5号,,,,,86-118㎡,40000m²,170000m²,"[{""id"": 314388, ""rooms"": 2, ""room_alias"": ""二室"", ""area"": 85.91}, {""id"": 99250, ""rooms"": 2, ""room_alias"": ""二室"", ""area"": 89.51}, {""id"": 99246, ""rooms"": 2, ""room_alias"": ""二室"", ""area"": 118.36}]",2室,2室户型,1997-01-07,,1997年,1998年,"[""2018-08-15"", ""2018-05-05""]",{高层},高层,70年,3,36%,1053,毛坯,,住宅,龙湖智慧服务,1.6元/㎡/月,,700,1:0.66,售罄,售罄,售罄,"[""青房注字(2013)第107号"", ""青房注字(2013)107变1号""]","[""5#、6#"", ""4#""]",中海,,青岛市北城市建设投资有限公司,民电,民水,36.113806,120.380433,"""""","{""53"": ""高绿化率"", ""9"": ""轨交房"", ""76"": ""厨卫全明"", ""74"": ""南北通透"", ""73"": ""卧室全朝南"", ""10"": ""多轨交"", ""72"": ""配套纯熟"", ""70"": ""银行"", ""69"": ""学校"", ""68"": ""医院"", ""66"": ""公园"", ""65"": ""商业街"", ""64"": ""购物中心"", ""78"": ""大户型"", ""402"": ""玄关入户"", ""401"": ""户型方正"", ""397"": ""动静分离"", ""85"": ""主卧套房"", ""83"": ""双阳台"", ""638"": ""民办中学"", ""637"": ""公办中学"", ""636"": ""公办小学"", ""624"": ""九年一贯制"", ""600"": ""市级示范园"", ""598"": ""民办幼儿园"", ""597"": ""公办幼儿园"", ""263"": ""VR看房""}","[""高绿化率"", ""轨交房"", ""厨卫全明"", ""南北通透"", ""卧室全朝南""]",https://pic4.ajkimg.com/display/xinfang/2242580c24fbd601e100637476068f09/275x206n.jpg,"[{""id"": ""7315635"", ""loupan_id"": ""251016"", ""station_id"": ""121177"", ""subway_id"": ""12068"", ""city_id"": ""30"", ""distance"": ""484米"", ""status"": ""1"", ""last_update_time"": ""1774212707"", ""is_rail_loupan"": ""1"", ""subway_name"": ""5号线"", ""station_name"": ""湖岛"", ""distance_raw"": ""484""}, {""id"": ""7315632"", ""loupan_id"": ""251016"", ""station_id"": ""121176"", ""subway_id"": ""12068"", ""city_id"": ""30"", ""distance"": ""1092米"", ""status"": ""1"", ""last_update_time"": ""1774212707"", ""is_rail_loupan"": ""1"", ""subway_name"": ""5号线"", ""station_name"": ""海云庵"", ""distance_raw"": ""1092""}, {""id"": ""7314349"", ""loupan_id"": ""251016"", ""station_id"": ""120363"", ""subway_id"": ""1045"", ""city_id"": ""30"", ""distance"": ""1302米"", ""status"": ""1"", ""last_update_time"": ""1774212706"", ""is_rail_loupan"": ""1"", ""subway_name"": ""1号线"", ""station_name"": ""北岭"", ""distance_raw"": ""1302""}]",市北区瑞昌路166号
8046752,金鼎金色洲,青岛,30,莱西市,3648,莱西,3720,青岛莱西市莱西绍兴路9号,,1694元/㎡,1694元/㎡,首付14万，月供3404元,127-189㎡,45000m²,94000m²,"[{""id"": 321234, ""rooms"": 3, ""room_alias"": ""三室"", ""area"": 127.34}, {""id"": 321216, ""rooms"": 3, ""room_alias"": ""三室"", ""area"": 129.03}, {""id"": 321213, ""rooms"": 3, ""room_alias"": ""三室"", ""area"": 136.62}, {""id"": 321241, ""rooms"": 3, ""room_alias"": ""三室"", ""area"": 137.89}, {""id"": 321226, ""rooms"": 5, ""room_alias"": ""五室"", ""area"": 179.66}, {""id"": 321243, ""rooms"": 5, ""room_alias"": ""五室"", ""area"": 188.64}]",3/5室,"3室户型,5室户型",1997-05-17,2019年06月22日,1997年,1998年,"[""2019-07-03"", ""2018-12-24""]",{多层},多层,70年,1.8,30%,316,毛坯,,住宅,融创服务,2.04元/㎡/月,,419,1:1.2,售罄,售罄,售罄,"[""西房注字（2019）024"", ""西房注字（2018）053""]","[""11、12、13、15、16"", ""1#、2#、3#、5#、6#、7#、8#""]",金茂,,青岛莱西市金鼎置业有限公司,民电,民水,36.908291,120.538367,"""""","{""559"": ""现房"", ""52"": ""低容积"", ""76"": ""厨卫全明"", ""74"": ""南北通透"", ""78"": ""大户型"", ""404"": ""客餐厅相连"", ""402"": ""玄关入户"", ""401"": ""户型方正"", ""85"": ""主卧套房"", ""637"": ""公办中学"", ""636"": ""公办小学"", ""598"": ""民办幼儿园"", ""597"": ""公办幼儿园"", ""263"": ""VR看房""}","[""现房"", ""低容积"", ""厨卫全明"", ""南北通透"", ""大户型""]",https://pic4.ajkimg.com/display/xinfang/0ef5943cc7d2adcecfc8e03848203053/275x206n.jpg,[],青岛市莱西市绍兴路9号
6234734,万城,青岛,30,市南区,3639,香港路沿线,3653,青岛市南区香港路沿线市南香港中路与延安三路交汇处,,,,,,20245m²,216024m²,[],,,1997-03-05,2014年11月22日,1997年,1998年,[],{},,40年,,30%,,带装修,,标准写字楼,华润万象生活,24~32元/㎡/月,,926,926,售罄,售罄,售罄,[],[],远洋,,山东海航置业有限公司,商电,商水,36.077467,120.390071,"""""","{""559"": ""现房"", ""29"": ""装修交付"", ""9"": ""轨交房"", ""10"": ""多轨交"", ""72"": ""配套纯熟"", ""71"": ""便利店"", ""70"": ""银行"", ""68"": ""医院"", ""66"": ""公园"", ""65"": ""商业街"", ""64"": ""购物中心"", ""213"": ""地铁沿线""}","[""现房"", ""装修交付"", ""轨交房"", ""多轨交"", ""配套纯熟""]",https://pic4.ajkimg.com/display/xinfang/090d0d360ef951812d78b7aa13353dec/275x206n.jpg,"[{""id"": ""7313789"", ""loupan_id"": ""450776"", ""station_id"": ""4373"", ""subway_id"": ""121"", ""city_id"": ""30"", ""distance"": ""239米"", ""status"": ""1"", ""last_update_time"": ""1774212705"", ""is_rail_loupan"": ""1"", ""subway_name"": ""3号线"", ""station_name"": ""延安三路"", ""distance_raw"": ""239""}, {""id"": ""7316097"", ""loupan_id"": ""450776"", ""station_id"": ""4478"", ""subway_id"": ""126"", ""city_id"": ""30"", ""distance"": ""596米"", ""status"": ""1"", ""last_update_time"": ""1774212708"", ""is_rail_loupan"": ""1"", ""subway_name"": ""2号线"", ""station_name"": ""五四广场"", ""distance_raw"": ""596""}, {""id"": ""7313790"", ""loupan_id"": ""450776"", ""station_id"": ""4372"", ""subway_id"": ""121"", ""city_id"": ""30"", ""distance"": ""602米"", ""status"": ""1"", ""last_update_time"": ""1774212705"", ""is_rail_loupan"": ""1"", ""subway_name"": ""3号线"", ""station_name"": ""五四广场"", ""distance_raw"": ""602""}, {""id"": ""7315696"", ""loupan_id"": ""450776"", ""station_id"": ""121288"", ""subway_id"": ""1044"", ""city_id"": ""30"", ""distance"": ""602米"", ""status"": ""1"", ""last_update_time"": ""1774212708"", ""is_rail_loupan"": ""1"", ""subway_name"": ""8号线"", ""station_name"": ""五四广场"", ""distance_raw"": ""602""}, {""id"": ""7316101"", ""loupan_id"": ""450776"", ""station_id"": ""4477"", ""subway_id"": ""126"", ""city_id"": ""30"", ""distance"": ""1330米"", ""status"": ""1"", ""last_update_time"": ""1774212708"", ""is_rail_loupan"": ""1"", ""subway_name"": ""2号线"", ""station_name"": ""芝泉路"", ""distance_raw"": ""1330""}]",青岛市南区香港中路与延安三路交汇处
6515903,龙南国坊,青岛,30,即墨区,3645,即墨市,3714,青岛即墨区即墨市即墨市泰山一路与辽河一路交汇处,,,,,,住宅：120000m² 别墅：120000m²,住宅：180000m² 别墅：180000m²,[],,,1997-01-04,,1997年,1998年,[],{},,住宅：70年 别墅：70年,住宅：1.47,住宅：45% 别墅：45%,住宅：1700 别墅：1700,住宅：毛坯 别墅：毛坯,,住宅,旭辉永升,住宅：0.9元/㎡/月,,住宅：150 别墅：150,,售罄,售罄,售罄,[],[],保利,,,住宅：民电,住宅：民水,36.40824,120.50395,"""""","{""53"": ""高绿化率"", ""52"": ""低容积"", ""72"": ""配套纯熟"", ""71"": ""便利店"", ""70"": ""银行"", ""69"": ""学校"", ""68"": ""医院"", ""65"": ""商业街"", ""64"": ""购物中心"", ""637"": ""公办中学"", ""636"": ""公办小学"", ""635"": ""民办小学"", ""598"": ""民办幼儿园"", ""597"": ""公办幼儿园"", ""54"": ""大型社区""}","[""高绿化率"", ""低容积"", ""配套纯熟"", ""便利店"", ""银行""]",https://pic4.ajkimg.com/display/xinfang/30f830d63720e488f91e6e485bfa12db/275x206n.jpg,[],即墨市泰山一路与辽河一路交汇出东南角
41510,朱雀碧水锦园,青岛,30,黄岛区,4516,安子片区,5217,青岛黄岛区安子片区开发区漓江西路120号(滨海道右侧，唐岛湾公园以北),,,,,,住宅：45600m² 别墅：45600m²,住宅：20000m² 别墅：20000m²,[],,,1997-12-24,,1997年,1998年,[],{高层},住宅：高层,,住宅：2.27,住宅：41% 别墅：41%,住宅：110 别墅：110,住宅：毛坯 别墅：毛坯,,住宅,世茂服务,住宅：1.4元/㎡/月,,住宅：5470 别墅：5470,,售罄,售罄,售罄,[],[],正荣,,,住宅：民电,住宅：民水,35.981356,120.199383,"""""","{""53"": ""高绿化率"", ""9"": ""轨交房"", ""10"": ""多轨交"", ""72"": ""配套纯熟"", ""71"": ""便利店"", ""70"": ""银行"", ""69"": ""学校"", ""68"": ""医院"", ""66"": ""公园"", ""65"": ""商业街"", ""64"": ""购物中心"", ""638"": ""民办中学"", ""637"": ""公办中学"", ""636"": ""公办小学"", ""598"": ""民办幼儿园"", ""597"": ""公办幼儿园"", ""55"": ""小型社区""}","[""高绿化率"", ""轨交房"", ""多轨交"", ""配套纯熟"", ""便利店""]",https://pic4.ajkimg.com/display/xinfang/2cb625678e207cc3ed0a4bf7af09d6ca/275x206n.jpg,"[{""id"": ""7316329"", ""loupan_id"": ""241807"", ""station_id"": ""120322"", ""subway_id"": ""1045"", ""city_id"": ""30"", ""distance"": ""405米"", ""status"": ""1"", ""last_update_time"": ""1774212708"", ""is_rail_loupan"": ""1"", ""subway_name"": ""1号线"", ""station_name"": ""丁家河"", ""distance_raw"": ""405""}, {""id"": ""7316316"", ""loupan_id"": ""241807"", ""station_id"": ""120312"", ""subway_id"": ""1045"", ""city_id"": ""30"", ""distance"": ""1360米"", ""status"": ""1"", ""last_update_time"": ""1774212708"", ""is_rail_loupan"": ""1"", ""subway_name"": ""1号线"", ""station_name"": ""井冈山路"", ""distance_raw"": ""1360""}, {""id"": ""7314275"", ""loupan_id"": ""241807"", ""station_id"": ""4403"", ""subway_id"": ""123"", ""city_id"": ""30"", ""distance"": ""1445米"", ""status"": ""1"", ""last_update_time"": ""1774212706"", ""is_rail_loupan"": ""1"", ""subway_name"": ""西海岸快线"", ""station_name"": ""井冈山路"", ""distance_raw"": ""1445""}]",青岛金沙滩旅游区滨海苑小区网点/井冈山路220号(佳世客往南100米)
5467054,天筑A区,青岛,30,市南区,3639,中山路,5181,青岛市南区中山路地铁2号线四川路（轮渡）站旁,,6922元/㎡,6922元/㎡,首付59万，月供14263元,127-183㎡,21781.5m²,63166.36m²,"[{""id"": 875205, ""rooms"": 3, ""room_alias"": ""三室"", ""area"": 127}, {""id"": 875209, ""rooms"": 3, ""room_alias"": ""三室"", ""area"": 150}, {""id"": 875206, ""rooms"": 4, ""room_alias"": ""四室"", ""area"": 156}, {""id"": 875207, ""rooms"": 4, ""room_alias"": ""四室"", ""area"": 177}, {""id"": 875208, ""rooms"": 4, ""room_alias"": ""四室"", ""area"": 183}]",3/4室,"3室户型,4室户型",1997-06-06,2025年10月01日,1997年,1998年,"[""2025-09-04"", ""2025-09-04""]",{高层},高层,70年,2.9,30%,448,,在建中，竣工时间：2027-10-31,住宅,招商积余,,,685,1:1.5,售罄,售罄,售罄,"[""青房预字（2025）第047号"", ""青房预字（2025）第048号""]","[""2#"", ""3#""]",保利,"保利集团,青岛地铁",青岛青铁广瑞置业有限公司,民电,民水,36.064981,120.328746,"{""service_num"": ""4006708287"", ""num"": ""40771""}","{""400"": ""小区会所"", ""101"": ""自持物业"", ""56"": ""车位充足"", ""9"": ""轨交房"", ""76"": ""厨卫全明"", ""74"": ""南北通透"", ""73"": ""卧室全朝南"", ""7"": ""项目在建"", ""10"": ""多轨交"", ""277"": ""特价房源"", ""276"": ""一房一价"", ""60"": ""海景地产"", ""547"": ""地铁"", ""72"": ""配套纯熟"", ""71"": ""便利店"", ""70"": ""银行"", ""69"": ""学校"", ""68"": ""医院"", ""67"": ""生态绿地"", ""66"": ""公园"", ""65"": ""商业街"", ""64"": ""购物中心"", ""78"": ""大户型"", ""402"": ""玄关入户"", ""401"": ""户型方正"", ""397"": ""动静分离"", ""85"": ""主卧套房"", ""92"": ""热搜盘"", ""90"": ""人气楼盘"", ""744"": ""好房子"", ""638"": ""民办中学"", ""637"": ""公办中学"", ""636"": ""公办小学"", ""635"": ""民办小学"", ""598"": ""民办幼儿园"", ""597"": ""公办幼儿园"", ""263"": ""VR看房"", ""50"": ""品牌开发商""}","[""小区会所"", ""自持物业"", ""车位充足"", ""轨交房"", ""厨卫全明""]",https://pic4.ajkimg.com/display/xinfang/5392b6ffae8492059dcfbb9d8413f04e/275x206n.jpg,"[{""id"": ""7318540"", ""loupan_id"": ""531545"", ""station_id"": ""121225"", ""subway_id"": ""126"", ""city_id"": ""30"", ""distance"": ""30米"", ""status"": ""1"", ""last_update_time"": ""1774212705"", ""is_rail_loupan"": ""1"", ""subway_name"": ""2号线"", ""station_name"": ""四川路(轮渡)"", ""distance_raw"": ""30""}, {""id"": ""7318544"", ""loupan_id"": ""531545"", ""station_id"": ""120339"", ""subway_id"": ""1045"", ""city_id"": ""30"", ""distance"": ""1310米"", ""status"": ""1"", ""last_update_time"": ""1774212709"", ""is_rail_loupan"": ""1"", ""subway_name"": ""1号线"", ""station_name"": ""西镇"", ""distance_raw"": ""1310""}]",市南区地铁2号线四川路（轮渡）站
6352966,蓝黄金怡园,青岛,30,胶州市,3647,胶州,3718,青岛胶州市胶州三里河街道南辛置南侧,,,,,80-122㎡,69195m²,10686m²,"[{""id"": 143680, ""rooms"": 2, ""room_alias"": ""二室"", ""area"": 80}, {""id"": 143691, ""rooms"": 3, ""room_alias"": ""三室"", ""area"": 122}]",2/3室,"2室户型,3室户型",1997-12-25,,1997年,1998年,[],超高层,多层,70年,1.29,35%,1605,毛坯,,住宅,碧桂园服务,0.7元/㎡/月,,735,1:0.8,售罄,售罄,售罄,"[""青房注字(胶州)第2014055号""]",[],滨江集团,,,民电,民水,36.278058,119.981638,"{""service_num"": ""4006708287"", ""num"": """"}","{""52"": ""低容积"", ""72"": ""配套纯熟"", ""71"": ""便利店"", ""70"": ""银行"", ""69"": ""学校"", ""68"": ""医院"", ""65"": ""商业街"", ""64"": ""购物中心"", ""78"": ""大户型"", ""638"": ""民办中学"", ""637"": ""公办中学"", ""636"": ""公办小学"", ""598"": ""民办幼儿园"", ""597"": ""公办幼儿园"", ""54"": ""大型社区""}","[""低容积"", ""配套纯熟"", ""便利店"", ""银行"", ""学校""]",https://pic4.ajkimg.com/display/xinfang/a634c99ef2a4d0469ff822b060c8035b/275x206n.jpg,[],胶州市三里河街道南辛置南侧（柳州路与北京西路交汇处）
